CustomerID,Age,TypeofContact,CityTier,DurationOfPitch,Occupation,Gender,NumberOfPersonVisiting,NumberOfFollowups,ProductPitched,PreferredPropertyStar,MaritalStatus,NumberOfTrips,Passport,PitchSatisfactionScore,OwnCar,NumberOfChildrenVisiting,Designation,MonthlyIncome
201214,44.0,Self Enquiry,1,8.0,Salaried,Female,3,1.0,Standard,3.0,Married,2.0,1,4,1,0.0,Senior Manager,22879.0
203829,35.0,Self Enquiry,3,20.0,Small Business,Male,3,4.0,Standard,3.0,Married,3.0,0,1,1,2.0,Senior Manager,27306.0
202622,47.0,Self Enquiry,3,7.0,Small Business,Female,4,4.0,Standard,5.0,Married,3.0,0,2,1,2.0,Senior Manager,29131.0
201543,32.0,Self Enquiry,1,6.0,Salaried,Male,3,3.0,Deluxe,4.0,Married,2.0,0,3,1,0.0,Manager,21220.0
203144,59.0,Self Enquiry,1,9.0,Large Business,Male,3,4.0,Basic,3.0,Single,6.0,0,2,1,2.0,Executive,21157.0
200907,44.0,Self Enquiry,3,11.0,Small Business,Male,2,3.0,King,4.0,Divorced,1.0,0,5,1,1.0,VP,33213.0
201426,32.0,Self Enquiry,1,35.0,Salaried,Female,2,4.0,Basic,4.0,Single,2.0,0,3,1,0.0,Executive,17837.0
204269,27.0,Self Enquiry,3,7.0,Salaried,Male,3,4.0,Deluxe,3.0,Married,3.0,0,5,0,2.0,Manager,23974.0
200261,38.0,Company Invited,3,8.0,Salaried,Male,2,4.0,Deluxe,3.0,Divorced,4.0,0,5,1,1.0,Manager,20249.0
204223,32.0,Self Enquiry,1,12.0,Large Business,Male,3,4.0,Basic,3.0,Married,2.0,1,4,1,1.0,Executive,23499.0
200243,40.0,Self Enquiry,1,30.0,Large Business,Male,3,3.0,Deluxe,3.0,Married,2.0,0,3,1,1.0,Manager,18319.0
203533,38.0,Self Enquiry,1,20.0,Small Business,Male,3,4.0,Deluxe,3.0,Married,3.0,0,1,0,1.0,Manager,22963.0
200228,35.0,Company Invited,3,6.0,Small Business,Fe Male,3,3.0,Standard,3.0,Unmarried,2.0,0,5,1,0.0,Senior Manager,23789.0
201110,35.0,Self Enquiry,1,8.0,Salaried,Female,3,3.0,Basic,5.0,Married,2.0,1,1,1,1.0,Executive,17074.0
204350,34.0,Self Enquiry,1,17.0,Small Business,Male,3,6.0,Basic,3.0,Married,2.0,0,5,0,1.0,Executive,22086.0
203870,33.0,Self Enquiry,1,36.0,Salaried,Female,3,5.0,Basic,4.0,Unmarried,3.0,0,3,1,1.0,Executive,21515.0
200087,51.0,Self Enquiry,1,15.0,Salaried,Male,3,3.0,Basic,3.0,Divorced,4.0,0,3,1,0.0,Executive,17075.0
201365,29.0,Company Invited,3,30.0,Large Business,Male,2,1.0,Basic,5.0,Single,2.0,0,3,1,1.0,Executive,16091.0
200378,34.0,Company Invited,3,25.0,Small Business,Male,3,2.0,Deluxe,3.0,Single,1.0,1,2,1,2.0,Manager,20304.0
202522,38.0,Self Enquiry,1,14.0,Small Business,Male,2,4.0,Standard,3.0,Single,6.0,0,2,0,1.0,Senior Manager,32342.0
200209,46.0,Self Enquiry,1,6.0,Small Business,Male,3,3.0,Standard,5.0,Married,1.0,0,2,0,0.0,Senior Manager,24396.0
200510,54.0,Self Enquiry,2,25.0,Small Business,Male,2,3.0,Standard,4.0,Divorced,3.0,0,3,1,0.0,Senior Manager,25725.0
202022,56.0,Self Enquiry,1,15.0,Small Business,Male,2,3.0,Super Deluxe,3.0,Married,1.0,0,4,0,0.0,AVP,26103.0
200385,30.0,Company Invited,1,10.0,Large Business,Male,2,3.0,Basic,3.0,Single,19.0,1,4,1,1.0,Executive,17285.0
201386,26.0,Self Enquiry,1,6.0,Small Business,Male,3,3.0,Basic,5.0,Single,1.0,0,5,1,2.0,Executive,17867.0
202060,33.0,Self Enquiry,1,13.0,Small Business,Male,2,3.0,Standard,3.0,Married,1.0,0,4,1,0.0,Senior Manager,26691.0
201946,24.0,Self Enquiry,1,23.0,Salaried,Male,3,4.0,Basic,4.0,Married,2.0,0,3,1,1.0,Executive,17127.0
203768,30.0,Self Enquiry,1,36.0,Salaried,Male,4,6.0,Deluxe,3.0,Married,2.0,0,5,1,3.0,Manager,25062.0
201253,33.0,Company Invited,3,8.0,Small Business,Female,3,3.0,Deluxe,4.0,Single,1.0,0,1,0,0.0,Manager,20147.0
202230,53.0,Company Invited,3,8.0,Small Business,Female,2,4.0,Standard,4.0,Married,3.0,0,1,1,0.0,Senior Manager,22525.0
203514,29.0,Company Invited,3,14.0,Salaried,Male,3,4.0,Deluxe,5.0,Unmarried,2.0,0,3,1,2.0,Manager,23576.0
201372,39.0,Self Enquiry,1,15.0,Small Business,Male,2,3.0,Deluxe,5.0,Married,2.0,0,4,1,0.0,Manager,20151.0
204366,46.0,Self Enquiry,3,9.0,Salaried,Male,4,4.0,Deluxe,4.0,Married,2.0,0,5,1,3.0,Manager,23483.0
202466,35.0,Self Enquiry,1,14.0,Salaried,Female,3,4.0,Standard,4.0,Single,2.0,0,3,1,1.0,Senior Manager,30672.0
204073,35.0,Company Invited,3,9.0,Small Business,Female,4,4.0,Basic,3.0,Married,8.0,0,5,0,1.0,Executive,20909.0
204596,33.0,Company Invited,1,7.0,Salaried,Female,4,5.0,Basic,4.0,Married,8.0,0,3,0,3.0,Executive,21010.0
202373,29.0,Company Invited,1,16.0,Salaried,Female,2,4.0,Basic,3.0,Unmarried,2.0,0,4,1,0.0,Executive,21623.0
201916,41.0,Company Invited,3,16.0,Salaried,Male,2,3.0,Deluxe,3.0,Single,1.0,0,1,0,1.0,Manager,21230.0
203268,43.0,Self Enquiry,1,36.0,Small Business,Male,3,6.0,Deluxe,3.0,Unmarried,6.0,0,3,1,1.0,Manager,22950.0
204329,35.0,Company Invited,3,13.0,Small Business,Female,3,6.0,Basic,3.0,Married,2.0,0,4,0,2.0,Executive,21029.0
201685,41.0,Self Enquiry,3,12.0,Salaried,Female,3,3.0,Standard,3.0,Single,4.0,1,1,0,0.0,Senior Manager,28591.0
200694,33.0,Self Enquiry,1,6.0,Salaried,Female,2,4.0,Deluxe,3.0,Unmarried,1.0,0,4,0,0.0,Manager,21949.0
200837,40.0,Company Invited,1,15.0,Small Business,Fe Male,2,3.0,Standard,3.0,Unmarried,1.0,0,4,0,0.0,Senior Manager,28499.0
201852,26.0,Company Invited,1,9.0,Large Business,Male,3,3.0,Basic,5.0,Single,1.0,0,3,0,1.0,Executive,18102.0
201712,41.0,Self Enquiry,1,25.0,Salaried,Male,2,3.0,Deluxe,5.0,Married,3.0,0,1,0,0.0,Manager,18072.0
200222,37.0,Company Invited,1,17.0,Salaried,Male,2,3.0,Standard,3.0,Married,2.0,1,3,0,1.0,Senior Manager,27185.0
202145,31.0,Self Enquiry,3,13.0,Salaried,Male,2,4.0,Basic,3.0,Married,4.0,0,4,1,1.0,Executive,17329.0
204867,45.0,Self Enquiry,3,8.0,Salaried,Male,3,6.0,Deluxe,4.0,Single,8.0,0,3,0,2.0,Manager,21040.0
200514,33.0,Company Invited,1,9.0,Salaried,Male,3,3.0,Basic,5.0,Single,2.0,1,5,1,2.0,Executive,18348.0
202795,33.0,Self Enquiry,1,9.0,Small Business,Female,4,4.0,Basic,4.0,Divorced,3.0,0,4,0,1.0,Executive,21048.0
201074,33.0,Self Enquiry,1,14.0,Salaried,Male,3,3.0,Deluxe,3.0,Unmarried,3.0,1,3,0,2.0,Manager,21388.0
200402,30.0,Self Enquiry,3,18.0,Large Business,Female,2,3.0,Deluxe,3.0,Unmarried,1.0,0,2,1,0.0,Manager,21577.0
200547,42.0,Company Invited,1,25.0,Small Business,Male,2,2.0,Basic,3.0,Married,7.0,1,3,1,1.0,Executive,17759.0
201899,46.0,Self Enquiry,1,8.0,Salaried,Male,2,3.0,Super Deluxe,3.0,Married,7.0,0,5,1,0.0,AVP,32861.0
204656,51.0,Self Enquiry,1,16.0,Salaried,Male,4,4.0,Basic,3.0,Married,6.0,0,5,1,3.0,Executive,21058.0
201880,30.0,Self Enquiry,1,8.0,Salaried,Female,2,5.0,Deluxe,3.0,Single,3.0,0,1,1,0.0,Manager,21091.0
202742,37.0,Company Invited,1,25.0,Salaried,Male,3,3.0,Basic,3.0,Divorced,6.0,0,5,0,1.0,Executive,22366.0
201323,28.0,Company Invited,2,6.0,Salaried,Male,2,3.0,Basic,3.0,Married,2.0,0,4,0,1.0,Executive,17706.0
201357,42.0,Self Enquiry,1,12.0,Small Business,Male,2,3.0,Standard,5.0,Married,1.0,0,3,1,0.0,Senior Manager,28348.0
200617,44.0,Self Enquiry,1,10.0,Small Business,Male,2,3.0,Deluxe,4.0,Single,1.0,0,2,1,0.0,Manager,20933.0
203637,39.0,Company Invited,1,9.0,Small Business,Female,3,5.0,Basic,4.0,Single,3.0,0,1,1,1.0,Executive,21118.0
200253,42.0,Self Enquiry,1,23.0,Salaried,Female,2,2.0,Deluxe,5.0,Unmarried,4.0,1,2,0,0.0,Manager,21545.0
202223,39.0,Company Invited,1,28.0,Small Business,Fe Male,2,3.0,Standard,5.0,Unmarried,2.0,1,5,1,1.0,Senior Manager,25880.0
200944,28.0,Company Invited,1,6.0,Salaried,Female,2,5.0,Deluxe,3.0,Divorced,1.0,0,3,1,0.0,Manager,21674.0
202079,43.0,Self Enquiry,1,20.0,Salaried,Male,3,3.0,Super Deluxe,5.0,Married,7.0,0,5,1,1.0,AVP,32159.0
203372,45.0,Self Enquiry,1,22.0,Small Business,Female,4,4.0,Standard,3.0,Divorced,3.0,0,3,0,2.0,Senior Manager,26656.0
204382,53.0,Self Enquiry,1,13.0,Large Business,Male,4,4.0,Deluxe,5.0,Married,5.0,1,4,1,2.0,Manager,24255.0
204062,42.0,Self Enquiry,1,16.0,Salaried,Male,4,4.0,Basic,5.0,Married,4.0,0,1,0,1.0,Executive,20916.0
200009,36.0,Self Enquiry,1,33.0,Small Business,Male,3,3.0,Deluxe,3.0,Divorced,7.0,0,3,1,0.0,Manager,20237.0
203259,22.0,Self Enquiry,1,7.0,Large Business,Female,4,5.0,Basic,4.0,Single,3.0,1,5,0,3.0,Executive,20748.0
202664,37.0,Self Enquiry,1,12.0,Salaried,Male,4,4.0,Deluxe,4.0,Unmarried,2.0,0,2,0,3.0,Manager,24592.0
203501,30.0,Company Invited,3,20.0,Large Business,Fe Male,3,4.0,Deluxe,4.0,Unmarried,7.0,0,3,0,2.0,Manager,24443.0
203967,36.0,Company Invited,1,18.0,Small Business,Male,4,5.0,Standard,5.0,Married,4.0,1,5,1,3.0,Senior Manager,28562.0
200186,40.0,Self Enquiry,1,10.0,Small Business,Female,2,3.0,King,3.0,Divorced,2.0,0,5,0,1.0,VP,34033.0
200136,51.0,Company Invited,1,14.0,Salaried,Male,2,5.0,Standard,3.0,Unmarried,3.0,0,2,0,1.0,Senior Manager,25650.0
203835,39.0,Self Enquiry,3,7.0,Salaried,Male,3,5.0,Basic,5.0,Unmarried,6.0,0,3,0,2.0,Executive,21536.0
200390,43.0,Self Enquiry,1,18.0,Salaried,Male,2,4.0,Super Deluxe,4.0,Married,2.0,0,3,0,1.0,AVP,29336.0
200040,35.0,Self Enquiry,1,10.0,Salaried,Male,3,3.0,Basic,3.0,Married,2.0,0,4,0,0.0,Executive,16951.0
202695,40.0,Company Invited,1,9.0,Large Business,Female,4,4.0,Standard,3.0,Single,2.0,0,2,1,2.0,Senior Manager,29616.0
203753,27.0,Self Enquiry,3,17.0,Small Business,Male,3,4.0,Deluxe,3.0,Unmarried,3.0,0,1,0,1.0,Manager,23362.0
200762,26.0,Company Invited,1,8.0,Salaried,Male,2,3.0,Basic,5.0,Divorced,7.0,1,5,1,0.0,Executive,17042.0
200119,43.0,Company Invited,3,32.0,Salaried,Male,3,3.0,Super Deluxe,3.0,Divorced,2.0,1,2,0,0.0,AVP,31959.0
203339,32.0,Self Enquiry,1,18.0,Small Business,Male,4,4.0,Deluxe,5.0,Divorced,3.0,1,2,0,3.0,Manager,25511.0
202560,35.0,Self Enquiry,1,12.0,Small Business,Female,3,5.0,Standard,5.0,Single,4.0,0,2,0,1.0,Senior Manager,30309.0
204135,34.0,Self Enquiry,1,11.0,Small Business,Female,3,5.0,Basic,4.0,Married,8.0,0,4,0,2.0,Executive,21300.0
201016,31.0,Self Enquiry,1,14.0,Salaried,Female,2,4.0,Basic,4.0,Single,2.0,0,4,0,1.0,Executive,16261.0
204748,35.0,Self Enquiry,3,16.0,Salaried,Female,4,4.0,Deluxe,3.0,Married,3.0,0,1,0,1.0,Manager,24392.0
204865,42.0,Company Invited,3,16.0,Salaried,Male,3,6.0,Super Deluxe,3.0,Married,2.0,0,5,1,2.0,AVP,24829.0
202030,34.0,Self Enquiry,1,14.0,Salaried,Female,2,3.0,Deluxe,5.0,Married,4.0,0,5,1,1.0,Manager,20121.0
202680,34.0,Self Enquiry,1,9.0,Salaried,Female,3,4.0,Basic,5.0,Divorced,2.0,0,3,1,1.0,Executive,21385.0
200022,34.0,Self Enquiry,1,13.0,Salaried,Fe Male,2,3.0,Standard,4.0,Unmarried,1.0,0,3,1,0.0,Senior Manager,26994.0
202643,39.0,Self Enquiry,1,36.0,Large Business,Male,3,4.0,Deluxe,3.0,Divorced,5.0,0,2,0,2.0,Manager,24939.0
203965,29.0,Self Enquiry,1,12.0,Large Business,Male,3,4.0,Basic,3.0,Unmarried,3.0,1,1,0,1.0,Executive,22119.0
201288,35.0,Company Invited,1,8.0,Small Business,Male,2,3.0,Deluxe,3.0,Married,3.0,0,3,0,1.0,Manager,20762.0
200293,26.0,Self Enquiry,3,10.0,Small Business,Male,2,4.0,Deluxe,3.0,Single,2.0,1,2,1,1.0,Manager,20828.0
202562,37.0,Self Enquiry,1,10.0,Salaried,Female,3,4.0,Basic,3.0,Married,7.0,0,2,1,1.0,Executive,21513.0
203734,35.0,Company Invited,1,16.0,Salaried,Male,4,4.0,Deluxe,5.0,Married,6.0,0,3,0,2.0,Manager,24024.0
204727,40.0,Company Invited,1,9.0,Salaried,Male,3,4.0,Super Deluxe,3.0,Married,2.0,0,3,1,1.0,AVP,30847.0
200363,33.0,Self Enquiry,3,11.0,Small Business,Female,2,3.0,Basic,3.0,Single,2.0,1,2,1,0.0,Executive,17851.0
200642,38.0,Self Enquiry,3,15.0,Small Business,Male,3,4.0,Basic,4.0,Divorced,1.0,0,4,0,0.0,Executive,17899.0
204794,33.0,Company Invited,1,20.0,Salaried,Female,4,5.0,Basic,4.0,Married,3.0,0,5,1,1.0,Executive,21421.0
200589,29.0,Self Enquiry,1,6.0,Salaried,Female,2,4.0,Basic,5.0,Divorced,2.0,1,2,0,0.0,Executive,17319.0
204504,34.0,Self Enquiry,1,14.0,Small Business,Male,3,4.0,Standard,3.0,Married,2.0,0,4,1,1.0,Senior Manager,30369.0
203314,36.0,Self Enquiry,3,24.0,Salaried,Male,4,4.0,Deluxe,5.0,Divorced,5.0,1,3,1,2.0,Manager,27644.0
200086,23.0,Self Enquiry,3,8.0,Large Business,Male,3,3.0,Basic,5.0,Married,4.0,0,3,1,1.0,Executive,17322.0
202855,61.0,Self Enquiry,1,14.0,Salaried,Female,3,4.0,King,5.0,Divorced,7.0,0,5,0,1.0,VP,38244.0
202384,55.0,Company Invited,3,8.0,Salaried,Fe Male,2,4.0,Basic,3.0,Single,1.0,0,5,0,0.0,Executive,28577.0
202871,61.0,Company Invited,3,35.0,Small Business,Female,4,5.0,Standard,5.0,Divorced,6.0,0,2,1,1.0,Senior Manager,28944.0
204245,28.0,Company Invited,3,7.0,Small Business,Male,4,4.0,Deluxe,4.0,Married,2.0,1,1,0,2.0,Manager,25027.0
201536,36.0,Company Invited,1,17.0,Salaried,Male,3,4.0,Deluxe,4.0,Unmarried,2.0,0,4,1,1.0,Manager,21499.0
202902,41.0,Company Invited,3,35.0,Salaried,Male,3,6.0,Standard,5.0,Married,5.0,0,5,1,1.0,Senior Manager,29610.0
202766,33.0,Self Enquiry,1,9.0,Small Business,Fe Male,4,3.0,Deluxe,3.0,Unmarried,2.0,0,3,1,3.0,Manager,23733.0
201455,40.0,Self Enquiry,1,8.0,Salaried,Male,2,4.0,Basic,3.0,Single,3.0,0,5,0,1.0,Executive,17809.0
202863,31.0,Company Invited,1,10.0,Salaried,Male,3,4.0,Basic,3.0,Divorced,6.0,0,3,0,2.0,Executive,20775.0
204595,39.0,Self Enquiry,1,7.0,Large Business,Female,4,4.0,Standard,5.0,Married,3.0,0,4,1,2.0,Senior Manager,32260.0
202250,28.0,Company Invited,1,30.0,Large Business,Male,3,4.0,Standard,5.0,Unmarried,2.0,0,1,1,1.0,Senior Manager,23722.0
203516,30.0,Company Invited,1,9.0,Salaried,Female,4,4.0,Basic,4.0,Divorced,2.0,0,5,0,3.0,Executive,21858.0
200627,52.0,Company Invited,1,31.0,Small Business,Female,2,4.0,Super Deluxe,3.0,Divorced,4.0,0,5,0,1.0,AVP,28826.0
202814,22.0,Self Enquiry,3,19.0,Salaried,Female,3,3.0,Basic,4.0,Unmarried,3.0,0,5,0,2.0,Executive,21394.0
201809,27.0,Self Enquiry,3,14.0,Small Business,Female,2,3.0,Deluxe,4.0,Married,2.0,0,1,0,1.0,Manager,21214.0
204771,45.0,Self Enquiry,1,17.0,Salaried,Male,4,4.0,Basic,3.0,Unmarried,3.0,1,3,1,1.0,Executive,21614.0
202412,36.0,Self Enquiry,3,16.0,Small Business,Male,2,4.0,Standard,5.0,Married,1.0,0,5,0,0.0,Senior Manager,22094.0
200333,43.0,Self Enquiry,1,13.0,Salaried,Female,2,3.0,Standard,5.0,Divorced,1.0,0,5,1,0.0,Senior Manager,24985.0
200927,36.0,Self Enquiry,1,8.0,Salaried,Female,2,3.0,Deluxe,4.0,Single,1.0,1,3,1,0.0,Manager,20410.0
200187,55.0,Self Enquiry,1,20.0,Small Business,Male,3,2.0,King,4.0,Single,1.0,0,2,0,2.0,VP,33722.0
201354,56.0,Self Enquiry,1,30.0,Salaried,Male,3,3.0,Basic,3.0,Single,2.0,0,3,0,0.0,Executive,17587.0
200281,42.0,Self Enquiry,3,6.0,Salaried,Male,2,3.0,Deluxe,3.0,Divorced,2.0,0,3,1,0.0,Manager,19907.0
202053,34.0,Self Enquiry,3,14.0,Salaried,Female,3,3.0,Deluxe,5.0,Married,6.0,0,1,1,2.0,Manager,21500.0
201557,51.0,Self Enquiry,1,15.0,Salaried,Male,3,3.0,Basic,3.0,Married,4.0,0,3,1,0.0,Executive,17075.0
202581,40.0,Self Enquiry,3,11.0,Salaried,Female,3,5.0,Deluxe,3.0,Divorced,6.0,0,5,1,1.0,Manager,24580.0
203014,53.0,Company Invited,1,26.0,Small Business,Male,3,4.0,Basic,3.0,Divorced,2.0,0,3,1,1.0,Executive,22936.0
202573,50.0,Self Enquiry,1,27.0,Small Business,Female,4,4.0,Deluxe,5.0,Divorced,3.0,0,2,1,3.0,Manager,25245.0
200540,28.0,Self Enquiry,1,6.0,Salaried,Female,3,5.0,Basic,4.0,Single,1.0,1,2,1,0.0,Executive,17216.0
203072,38.0,Self Enquiry,3,23.0,Small Business,Male,4,5.0,Deluxe,3.0,Married,6.0,0,5,1,3.0,Manager,25012.0
201599,49.0,Self Enquiry,1,26.0,Small Business,Female,3,3.0,Deluxe,5.0,Married,2.0,0,1,1,0.0,Manager,21567.0
203449,30.0,Self Enquiry,2,24.0,Salaried,Male,3,5.0,Standard,5.0,Unmarried,3.0,0,3,0,1.0,Senior Manager,26666.0
200016,32.0,Self Enquiry,1,11.0,Salaried,Male,3,2.0,Basic,4.0,Married,1.0,1,2,1,0.0,Executive,18298.0
203025,31.0,Self Enquiry,1,7.0,Salaried,Male,3,6.0,Basic,3.0,Divorced,5.0,0,4,1,1.0,Executive,22511.0
204590,36.0,Self Enquiry,1,28.0,Salaried,Female,3,4.0,Deluxe,3.0,Married,3.0,1,3,0,1.0,Manager,22692.0
200457,18.0,Company Invited,3,11.0,Small Business,Male,3,3.0,Basic,4.0,Single,2.0,1,4,1,2.0,Executive,16878.0
201726,42.0,Self Enquiry,1,8.0,Small Business,Female,2,4.0,Basic,5.0,Married,1.0,1,4,1,1.0,Executive,17593.0
204294,25.0,Self Enquiry,3,17.0,Small Business,Female,4,4.0,Deluxe,3.0,Married,3.0,1,1,0,1.0,Manager,22938.0
201308,38.0,Self Enquiry,3,8.0,Small Business,Female,3,5.0,Deluxe,3.0,Married,3.0,1,3,0,0.0,Manager,20405.0
203237,29.0,Self Enquiry,1,22.0,Salaried,Male,3,4.0,Basic,3.0,Married,3.0,0,4,1,2.0,Executive,20885.0
204318,29.0,Self Enquiry,1,24.0,Small Business,Male,4,4.0,Deluxe,5.0,Married,3.0,0,1,0,2.0,Manager,23236.0
201485,29.0,Self Enquiry,1,27.0,Salaried,Female,2,1.0,Standard,5.0,Married,2.0,0,5,1,1.0,Senior Manager,24980.0
201784,39.0,Self Enquiry,1,16.0,Small Business,Male,3,3.0,Super Deluxe,5.0,Married,2.0,1,3,1,2.0,AVP,32068.0
201799,47.0,Self Enquiry,1,11.0,Salaried,Male,2,3.0,King,3.0,Married,5.0,0,1,1,0.0,VP,33300.0
202980,61.0,Self Enquiry,3,23.0,Small Business,Male,3,4.0,Deluxe,5.0,Unmarried,2.0,0,4,1,1.0,Manager,24083.0
203893,33.0,Self Enquiry,1,9.0,Large Business,Male,4,4.0,Basic,5.0,Single,3.0,0,1,1,2.0,Executive,21117.0
202045,54.0,Self Enquiry,1,25.0,Small Business,Female,3,3.0,Deluxe,5.0,Married,1.0,1,3,0,2.0,Manager,20485.0
202309,42.0,Self Enquiry,3,10.0,Small Business,Male,2,3.0,Deluxe,5.0,Single,1.0,0,5,1,0.0,Manager,20155.0
202788,36.0,Self Enquiry,1,12.0,Large Business,Male,4,4.0,Standard,4.0,Unmarried,2.0,0,3,0,1.0,Senior Manager,26773.0
200583,34.0,Self Enquiry,3,14.0,Salaried,Female,3,3.0,Deluxe,5.0,Divorced,6.0,0,2,1,0.0,Manager,21500.0
202486,27.0,Self Enquiry,1,32.0,Salaried,Male,3,6.0,Basic,3.0,Single,3.0,0,2,1,2.0,Executive,20971.0
201499,46.0,Self Enquiry,3,8.0,Small Business,Female,2,3.0,King,5.0,Single,4.0,0,1,1,1.0,VP,33947.0
203851,25.0,Self Enquiry,1,7.0,Salaried,Male,3,5.0,Deluxe,3.0,Unmarried,3.0,0,3,1,2.0,Manager,23295.0
203852,24.0,Self Enquiry,1,19.0,Salaried,Male,4,4.0,Basic,3.0,Unmarried,3.0,0,5,1,1.0,Executive,21325.0
201333,46.0,Self Enquiry,3,16.0,Salaried,Female,3,3.0,Standard,4.0,Married,6.0,0,1,0,2.0,Senior Manager,22314.0
202392,44.0,Self Enquiry,3,15.0,Salaried,Male,3,4.0,Basic,5.0,Married,4.0,0,1,1,2.0,Executive,34190.0
200709,31.0,Company Invited,1,15.0,Small Business,Male,2,4.0,Basic,5.0,Single,1.0,1,3,1,0.0,Executive,17321.0
200366,41.0,Company Invited,3,10.0,Small Business,Male,2,3.0,Deluxe,4.0,Unmarried,2.0,0,3,1,0.0,Manager,24355.0
204367,27.0,Company Invited,2,24.0,Salaried,Female,3,4.0,Basic,3.0,Married,2.0,1,5,0,2.0,Executive,21419.0
201522,44.0,Self Enquiry,3,6.0,Small Business,Female,3,3.0,Deluxe,5.0,Married,6.0,1,1,1,1.0,Manager,20454.0
203066,33.0,Self Enquiry,3,20.0,Salaried,Male,4,4.0,Deluxe,3.0,Married,4.0,0,2,0,1.0,Manager,23081.0
200464,37.0,Self Enquiry,1,6.0,Large Business,Female,2,3.0,Standard,3.0,Unmarried,5.0,0,5,1,1.0,Senior Manager,22491.0
201213,23.0,Self Enquiry,3,13.0,Salaried,Male,2,3.0,Basic,3.0,Married,2.0,1,1,1,0.0,Executive,17275.0
203393,40.0,Self Enquiry,1,25.0,Salaried,Male,3,4.0,Deluxe,3.0,Unmarried,2.0,0,3,0,1.0,Manager,23212.0
203504,25.0,Company Invited,1,16.0,Small Business,Male,3,4.0,Basic,5.0,Unmarried,4.0,1,3,0,2.0,Executive,21850.0
200386,37.0,Self Enquiry,1,20.0,Salaried,Female,3,3.0,Basic,5.0,Married,2.0,0,4,1,0.0,Executive,18034.0
200163,57.0,Self Enquiry,1,30.0,Salaried,Male,2,2.0,Standard,3.0,Married,4.0,1,4,1,1.0,Senior Manager,24439.0
201994,34.0,Self Enquiry,1,15.0,Small Business,Fe Male,2,4.0,Standard,4.0,Unmarried,2.0,0,1,1,0.0,Senior Manager,23621.0
200909,19.0,Self Enquiry,1,31.0,Salaried,Female,2,1.0,Basic,3.0,Single,2.0,1,5,1,0.0,Executive,17994.0
201316,43.0,Company Invited,3,8.0,Salaried,Male,3,3.0,Deluxe,3.0,Married,2.0,0,3,1,2.0,Manager,20675.0
203505,25.0,Company Invited,3,20.0,Salaried,Female,4,4.0,Basic,4.0,Divorced,3.0,0,1,0,1.0,Executive,20711.0
203618,26.0,Company Invited,1,9.0,Salaried,Male,4,2.0,Deluxe,3.0,Married,3.0,0,1,0,2.0,Manager,23884.0
200809,28.0,Self Enquiry,1,9.0,Small Business,Female,3,3.0,Standard,4.0,Married,1.0,0,4,0,0.0,Senior Manager,22655.0
202918,25.0,Self Enquiry,1,30.0,Small Business,Male,3,3.0,Basic,3.0,Divorced,3.0,1,4,0,2.0,Executive,21403.0
204172,52.0,Self Enquiry,1,7.0,Salaried,Male,4,4.0,Basic,3.0,Married,3.0,0,4,1,1.0,Executive,21401.0
203913,35.0,Self Enquiry,1,15.0,Small Business,Male,3,2.0,Deluxe,3.0,Married,4.0,0,3,0,2.0,Manager,23082.0
203107,22.0,Self Enquiry,1,25.0,Salaried,Female,4,4.0,Basic,3.0,Unmarried,3.0,0,3,1,2.0,Executive,21371.0
203523,40.0,Self Enquiry,1,13.0,Salaried,Fe Male,3,4.0,Standard,4.0,Unmarried,6.0,0,3,0,2.0,Senior Manager,27054.0
203076,43.0,Company Invited,1,9.0,Small Business,Male,3,4.0,Basic,3.0,Single,7.0,1,2,0,2.0,Executive,21193.0
203303,30.0,Self Enquiry,1,22.0,Salaried,Female,4,6.0,Basic,3.0,Divorced,2.0,1,5,1,1.0,Executive,20846.0
201024,47.0,Self Enquiry,1,8.0,Small Business,Female,2,3.0,Super Deluxe,3.0,Divorced,4.0,0,5,1,0.0,AVP,32169.0
203051,50.0,Self Enquiry,3,18.0,Small Business,Female,3,4.0,Standard,3.0,Divorced,3.0,0,4,0,2.0,Senior Manager,26332.0
203394,32.0,Company Invited,3,9.0,Salaried,Female,3,4.0,Standard,3.0,Married,3.0,1,1,1,1.0,Senior Manager,28530.0
202943,34.0,Self Enquiry,3,15.0,Small Business,Male,3,4.0,Deluxe,3.0,Married,2.0,0,2,1,2.0,Manager,25782.0
203045,41.0,Company Invited,1,23.0,Small Business,Male,3,5.0,Deluxe,3.0,Unmarried,8.0,0,5,1,2.0,Manager,23772.0
201338,30.0,Self Enquiry,3,15.0,Small Business,Male,2,3.0,Basic,3.0,Single,2.0,0,5,0,0.0,Executive,16081.0
204859,51.0,Company Invited,3,19.0,Salaried,Male,3,4.0,Deluxe,3.0,Single,5.0,1,3,1,2.0,Manager,35558.0
201369,28.0,Self Enquiry,3,19.0,Small Business,Fe Male,2,3.0,Deluxe,3.0,Unmarried,4.0,1,5,1,1.0,Manager,24854.0
203941,43.0,Self Enquiry,3,15.0,Small Business,Male,3,4.0,Deluxe,4.0,Married,2.0,0,3,1,1.0,Manager,25503.0
204722,30.0,Self Enquiry,1,35.0,Salaried,Female,4,4.0,Basic,3.0,Married,6.0,0,5,1,1.0,Executive,21192.0
203044,33.0,Self Enquiry,1,11.0,Salaried,Female,4,5.0,Deluxe,3.0,Divorced,3.0,0,4,1,1.0,Manager,24840.0
204538,54.0,Self Enquiry,3,14.0,Small Business,Female,4,5.0,Standard,3.0,Married,2.0,1,1,0,2.0,Senior Manager,29612.0
202111,32.0,Company Invited,3,11.0,Salaried,Male,2,3.0,Deluxe,4.0,Married,2.0,0,3,1,1.0,Manager,21524.0
203895,39.0,Self Enquiry,3,17.0,Salaried,Female,4,4.0,Deluxe,3.0,Married,3.0,0,4,0,3.0,Manager,24021.0
204856,37.0,Self Enquiry,3,17.0,Small Business,Male,3,5.0,Standard,5.0,Married,2.0,0,5,0,1.0,Senior Manager,25772.0
202789,24.0,Self Enquiry,1,33.0,Salaried,Male,3,4.0,Basic,3.0,Married,3.0,0,2,1,2.0,Executive,21582.0
203264,36.0,Company Invited,3,18.0,Small Business,Male,3,4.0,Deluxe,3.0,Married,3.0,0,5,0,1.0,Manager,23646.0
201199,36.0,Self Enquiry,1,32.0,Salaried,Male,3,3.0,Deluxe,3.0,Married,7.0,0,3,1,0.0,Manager,20347.0
200039,33.0,Company Invited,3,6.0,Salaried,Female,2,2.0,Deluxe,5.0,Divorced,3.0,0,3,1,0.0,Manager,20376.0
202891,36.0,Self Enquiry,3,7.0,Small Business,Male,3,4.0,Deluxe,3.0,Divorced,2.0,0,3,1,1.0,Manager,23395.0
201695,59.0,Self Enquiry,1,9.0,Salaried,Male,3,4.0,Basic,3.0,Married,4.0,0,3,0,0.0,Executive,17177.0
203905,51.0,Self Enquiry,3,35.0,Small Business,Male,3,5.0,Standard,5.0,Married,6.0,1,5,0,1.0,Senior Manager,29532.0
202507,60.0,Self Enquiry,3,32.0,Salaried,Fe Male,3,4.0,Standard,5.0,Unmarried,2.0,0,3,1,1.0,Senior Manager,26315.0
202857,43.0,Company Invited,1,35.0,Large Business,Female,3,5.0,Deluxe,3.0,Divorced,2.0,0,3,0,1.0,Manager,23201.0
202839,44.0,Company Invited,1,28.0,Small Business,Male,4,4.0,Basic,3.0,Divorced,2.0,0,4,0,3.0,Executive,20936.0
203194,45.0,Self Enquiry,3,35.0,Small Business,Female,3,2.0,Super Deluxe,3.0,Divorced,5.0,1,2,1,2.0,AVP,31998.0
202848,29.0,Self Enquiry,1,24.0,Small Business,Male,4,4.0,Deluxe,5.0,Married,3.0,0,2,0,1.0,Manager,23236.0
204393,25.0,Company Invited,1,14.0,Salaried,Female,3,4.0,Basic,3.0,Married,3.0,1,4,0,1.0,Executive,21564.0
203168,25.0,Self Enquiry,1,24.0,Small Business,Female,3,5.0,Deluxe,3.0,Married,3.0,0,3,1,2.0,Manager,23055.0
202054,42.0,Company Invited,1,14.0,Salaried,Male,3,3.0,King,3.0,Married,2.0,0,5,1,1.0,VP,33430.0
201266,41.0,Self Enquiry,1,15.0,Salaried,Male,3,3.0,Basic,5.0,Married,2.0,0,5,1,1.0,Executive,17289.0
204857,47.0,Self Enquiry,3,22.0,Small Business,Male,3,6.0,Deluxe,3.0,Married,8.0,1,1,0,2.0,Manager,22101.0
201043,53.0,Self Enquiry,1,8.0,Small Business,Male,2,1.0,Super Deluxe,4.0,Single,5.0,0,1,1,0.0,AVP,31598.0
201767,35.0,Self Enquiry,3,22.0,Small Business,Male,3,3.0,Standard,4.0,Married,1.0,0,1,1,1.0,Senior Manager,23020.0
200379,55.0,Self Enquiry,1,8.0,Salaried,Female,3,3.0,Super Deluxe,3.0,Single,3.0,1,5,0,1.0,AVP,31659.0
203925,30.0,Self Enquiry,1,22.0,Salaried,Female,3,5.0,Deluxe,3.0,Unmarried,2.0,1,1,1,2.0,Manager,22871.0
200410,30.0,Self Enquiry,1,8.0,Salaried,Female,2,5.0,Deluxe,3.0,Single,3.0,0,2,0,1.0,Manager,21091.0
201321,47.0,Self Enquiry,1,15.0,Salaried,Female,3,3.0,Basic,3.0,Single,5.0,0,3,1,0.0,Executive,17105.0
200859,29.0,Self Enquiry,1,21.0,Salaried,Female,3,5.0,Basic,3.0,Divorced,1.0,1,5,1,0.0,Executive,17168.0
200668,28.0,Self Enquiry,1,15.0,Small Business,Female,3,3.0,Basic,3.0,Married,6.0,0,3,1,1.0,Executive,17377.0
202382,26.0,Self Enquiry,1,13.0,Small Business,Female,2,4.0,Standard,5.0,Married,1.0,1,4,1,1.0,Senior Manager,17875.0
201540,59.0,Company Invited,3,6.0,Salaried,Female,2,4.0,Deluxe,3.0,Single,1.0,0,5,1,0.0,Manager,20473.0
202273,34.0,Company Invited,1,9.0,Salaried,Male,2,4.0,Basic,3.0,Married,4.0,0,1,0,0.0,Executive,17979.0
203204,54.0,Company Invited,3,9.0,Small Business,Female,3,5.0,Standard,4.0,Divorced,4.0,0,2,0,2.0,Senior Manager,26203.0
201963,44.0,Self Enquiry,2,6.0,Salaried,Female,2,4.0,Deluxe,3.0,Single,5.0,0,5,1,1.0,Manager,20985.0
203335,45.0,Self Enquiry,1,9.0,Salaried,Female,4,2.0,Basic,3.0,Divorced,3.0,0,4,1,1.0,Executive,20689.0
202653,47.0,Self Enquiry,1,7.0,Small Business,Male,4,4.0,Standard,5.0,Married,2.0,0,2,0,1.0,Senior Manager,28074.0
204776,45.0,Company Invited,1,24.0,Salaried,Male,4,6.0,Basic,3.0,Single,4.0,0,4,1,2.0,Executive,20968.0
203826,32.0,Company Invited,1,10.0,Small Business,Male,3,4.0,Basic,5.0,Married,3.0,1,1,0,1.0,Executive,21743.0
203754,59.0,Company Invited,1,22.0,Salaried,Male,3,4.0,Super Deluxe,3.0,Married,4.0,1,1,1,1.0,AVP,34465.0
201657,55.0,Self Enquiry,1,20.0,Small Business,Male,3,1.0,King,4.0,Single,1.0,0,1,1,1.0,VP,33722.0
204629,34.0,Company Invited,1,7.0,Salaried,Female,3,2.0,Deluxe,4.0,Married,3.0,1,3,1,1.0,Manager,24166.0
203842,34.0,Company Invited,1,14.0,Salaried,Male,3,4.0,Deluxe,3.0,Married,3.0,0,5,1,2.0,Manager,24646.0
202066,35.0,Self Enquiry,1,6.0,Salaried,Female,2,1.0,Basic,3.0,Single,4.0,0,3,1,1.0,Executive,17506.0
202377,44.0,Self Enquiry,1,29.0,Small Business,Male,3,3.0,Basic,5.0,Single,1.0,0,3,0,2.0,Executive,33213.0
204739,30.0,Self Enquiry,1,15.0,Small Business,Male,4,5.0,Deluxe,3.0,Married,3.0,1,3,1,2.0,Manager,23734.0
201451,38.0,Self Enquiry,3,16.0,Salaried,Female,3,3.0,Deluxe,3.0,Married,2.0,0,4,0,2.0,Manager,20343.0
203838,33.0,Self Enquiry,1,12.0,Salaried,Male,3,5.0,Deluxe,3.0,Unmarried,2.0,0,1,0,2.0,Manager,28357.0
201005,29.0,Self Enquiry,2,23.0,Salaried,Male,2,4.0,Standard,5.0,Unmarried,2.0,0,3,0,0.0,Senior Manager,22988.0
201925,33.0,Self Enquiry,1,6.0,Small Business,Female,3,1.0,Super Deluxe,3.0,Married,5.0,0,1,1,0.0,AVP,31184.0
200891,44.0,Self Enquiry,1,8.0,Salaried,Female,3,1.0,Basic,3.0,Divorced,2.0,0,4,1,0.0,Executive,17011.0
203069,46.0,Self Enquiry,3,16.0,Small Business,Male,4,4.0,Standard,5.0,Married,6.0,1,2,1,1.0,Senior Manager,29439.0
202385,21.0,Company Invited,3,24.0,Small Business,Female,3,3.0,Deluxe,3.0,Married,1.0,1,5,0,1.0,Manager,17625.0
203232,29.0,Self Enquiry,1,17.0,Salaried,Female,3,4.0,Deluxe,3.0,Unmarried,5.0,0,4,1,2.0,Manager,22338.0
202349,60.0,Self Enquiry,3,13.0,Small Business,Male,2,1.0,Deluxe,3.0,Married,1.0,1,5,0,0.0,Manager,20220.0
202016,29.0,Self Enquiry,3,16.0,Salaried,Male,3,3.0,Basic,3.0,Single,2.0,0,4,1,0.0,Executive,17642.0
200747,38.0,Self Enquiry,3,9.0,Salaried,Male,2,3.0,Deluxe,3.0,Unmarried,1.0,1,3,1,1.0,Manager,21861.0
200056,35.0,Company Invited,3,24.0,Salaried,Male,3,3.0,Standard,5.0,Divorced,2.0,0,4,1,0.0,Senior Manager,24069.0
204755,25.0,Self Enquiry,1,31.0,Small Business,Male,3,4.0,Basic,4.0,Unmarried,2.0,0,5,0,2.0,Executive,22275.0
203352,34.0,Self Enquiry,3,17.0,Small Business,Male,3,2.0,Standard,3.0,Married,2.0,1,4,1,2.0,Senior Manager,27058.0
204440,40.0,Self Enquiry,1,9.0,Large Business,Female,4,5.0,Deluxe,3.0,Unmarried,3.0,0,1,1,2.0,Manager,23231.0
200053,35.0,Company Invited,1,17.0,Small Business,Male,3,4.0,Standard,5.0,Divorced,3.0,1,5,1,1.0,Senior Manager,24884.0
200753,39.0,Company Invited,1,28.0,Small Business,Fe Male,2,3.0,Standard,5.0,Unmarried,2.0,1,5,1,0.0,Senior Manager,25880.0
201548,37.0,Self Enquiry,1,13.0,Small Business,Male,1,3.0,Standard,3.0,Single,5.0,0,1,0,0.0,Senior Manager,28664.0
201613,30.0,Self Enquiry,1,24.0,Salaried,Female,3,3.0,Basic,3.0,Single,2.0,0,1,1,2.0,Executive,17632.0
203554,36.0,Self Enquiry,1,9.0,Salaried,Female,4,4.0,Basic,5.0,Married,3.0,1,1,1,2.0,Executive,20752.0
203439,44.0,Self Enquiry,1,13.0,Small Business,Female,4,5.0,Deluxe,3.0,Unmarried,3.0,1,4,1,2.0,Manager,22759.0
200610,27.0,Self Enquiry,1,11.0,Large Business,Male,2,4.0,Standard,3.0,Married,2.0,1,3,0,0.0,Senior Manager,27808.0
204864,32.0,Self Enquiry,2,29.0,Salaried,Male,3,6.0,Basic,3.0,Married,3.0,0,1,0,2.0,Executive,28530.0
200501,30.0,Company Invited,1,9.0,Small Business,Female,3,3.0,Basic,3.0,Married,2.0,0,3,1,1.0,Executive,17083.0
200307,38.0,Self Enquiry,1,31.0,Salaried,Female,2,4.0,Standard,4.0,Divorced,4.0,0,3,1,0.0,Senior Manager,27061.0
203001,36.0,Company Invited,1,9.0,Salaried,Female,4,4.0,Deluxe,5.0,Married,4.0,0,4,0,1.0,Manager,23771.0
204038,32.0,Self Enquiry,3,13.0,Salaried,Male,4,6.0,Deluxe,3.0,Married,6.0,1,3,0,3.0,Manager,24850.0
201560,40.0,Company Invited,1,6.0,Salaried,Male,3,4.0,Super Deluxe,4.0,Married,2.0,0,1,1,1.0,AVP,28503.0
201733,46.0,Self Enquiry,3,8.0,Large Business,Female,3,5.0,Super Deluxe,4.0,Married,4.0,1,5,1,0.0,AVP,31872.0
200852,29.0,Self Enquiry,1,12.0,Small Business,Female,2,3.0,Basic,3.0,Divorced,2.0,0,3,0,0.0,Executive,18131.0
203010,48.0,Company Invited,3,34.0,Salaried,Fe Male,4,2.0,Deluxe,3.0,Unmarried,6.0,1,4,1,3.0,Manager,25075.0
201970,32.0,Self Enquiry,1,15.0,Salaried,Female,3,3.0,Deluxe,3.0,Married,2.0,1,5,1,2.0,Manager,21322.0
204887,36.0,Self Enquiry,1,14.0,Salaried,Male,4,4.0,Basic,4.0,Unmarried,3.0,1,3,1,2.0,Executive,24041.0
202793,30.0,Company Invited,3,9.0,Salaried,Male,4,4.0,Deluxe,3.0,Divorced,3.0,0,2,1,2.0,Manager,23327.0
203266,35.0,Company Invited,1,9.0,Salaried,Male,4,4.0,Deluxe,3.0,Unmarried,4.0,0,4,1,3.0,Manager,22711.0
204470,54.0,Self Enquiry,1,13.0,Salaried,Male,3,4.0,Deluxe,3.0,Single,4.0,0,5,1,2.0,Manager,21128.0
204292,35.0,Company Invited,3,26.0,Small Business,Male,4,2.0,Deluxe,3.0,Unmarried,2.0,1,1,0,1.0,Manager,23982.0
204605,41.0,Company Invited,1,16.0,Small Business,Male,3,4.0,Basic,4.0,Married,2.0,1,4,0,1.0,Executive,22295.0
204027,25.0,Self Enquiry,1,25.0,Salaried,Male,3,4.0,Basic,3.0,Married,2.0,0,4,0,1.0,Executive,21452.0
203884,37.0,Company Invited,1,11.0,Salaried,Female,4,4.0,Deluxe,4.0,Married,2.0,0,3,1,2.0,Manager,23809.0
201106,30.0,Self Enquiry,3,6.0,Salaried,Male,3,4.0,Deluxe,5.0,Married,2.0,0,4,1,1.0,Manager,24714.0
203802,32.0,Self Enquiry,3,17.0,Small Business,Female,3,4.0,Deluxe,3.0,Married,4.0,1,1,0,1.0,Manager,25261.0
202807,34.0,Self Enquiry,3,12.0,Small Business,Female,3,4.0,Basic,3.0,Unmarried,3.0,1,2,1,1.0,Executive,21529.0
200689,20.0,Self Enquiry,1,10.0,Large Business,Male,2,3.0,Basic,5.0,Single,2.0,0,3,1,1.0,Executive,17973.0
203627,37.0,Self Enquiry,1,10.0,Salaried,Male,4,2.0,Deluxe,5.0,Married,8.0,0,1,1,3.0,Manager,25520.0
201686,30.0,Company Invited,3,32.0,Small Business,Female,2,4.0,Deluxe,5.0,Unmarried,6.0,0,1,1,1.0,Manager,21696.0
204423,34.0,Company Invited,1,13.0,Salaried,Male,2,4.0,Deluxe,3.0,Married,5.0,0,5,1,1.0,Manager,26403.0
202706,33.0,Self Enquiry,1,9.0,Large Business,Male,3,5.0,Deluxe,5.0,Single,6.0,0,4,0,2.0,Manager,20854.0
204136,38.0,Company Invited,1,18.0,Salaried,Male,3,4.0,Standard,3.0,Married,3.0,1,3,1,2.0,Senior Manager,30863.0
203786,35.0,Self Enquiry,3,11.0,Salaried,Male,4,4.0,Standard,3.0,Married,4.0,1,4,0,3.0,Senior Manager,28391.0
203595,29.0,Self Enquiry,1,34.0,Small Business,Female,3,6.0,Deluxe,5.0,Married,2.0,0,4,1,1.0,Manager,23886.0
202805,41.0,Self Enquiry,1,17.0,Salaried,Female,3,3.0,Basic,3.0,Divorced,5.0,1,3,0,2.0,Executive,20891.0
201575,59.0,Company Invited,2,8.0,Salaried,Female,2,4.0,King,3.0,Married,1.0,0,1,0,1.0,VP,33844.0
204828,56.0,Company Invited,3,9.0,Salaried,Female,3,5.0,Basic,3.0,Single,2.0,0,5,0,1.0,Executive,32255.0
203059,28.0,Company Invited,1,10.0,Small Business,Male,3,4.0,Basic,3.0,Divorced,3.0,0,2,1,1.0,Executive,20384.0
202448,28.0,Self Enquiry,1,9.0,Small Business,Male,3,4.0,Basic,4.0,Divorced,2.0,0,5,1,1.0,Executive,22146.0
201350,27.0,Self Enquiry,3,8.0,Small Business,Female,2,1.0,Deluxe,3.0,Unmarried,1.0,0,1,0,1.0,Manager,21500.0
201947,50.0,Company Invited,2,9.0,Small Business,Male,3,3.0,King,4.0,Married,2.0,0,1,1,2.0,VP,33200.0
202012,38.0,Self Enquiry,1,6.0,Salaried,Female,2,3.0,Standard,3.0,Unmarried,5.0,1,1,0,1.0,Senior Manager,22861.0
200116,34.0,Self Enquiry,1,11.0,Small Business,Fe Male,2,4.0,Standard,5.0,Unmarried,3.0,0,2,0,0.0,Senior Manager,26631.0
201701,42.0,Self Enquiry,1,10.0,Large Business,Male,2,3.0,King,3.0,Married,2.0,0,1,0,0.0,VP,34232.0
204537,31.0,Company Invited,1,12.0,Salaried,Male,4,5.0,Basic,3.0,Married,2.0,0,5,0,1.0,Executive,22439.0
203043,37.0,Self Enquiry,2,20.0,Salaried,Male,3,4.0,Basic,4.0,Divorced,6.0,0,3,1,1.0,Executive,20821.0
200029,46.0,Self Enquiry,3,8.0,Small Business,Female,2,3.0,King,5.0,Single,4.0,0,2,0,1.0,VP,33947.0
201836,41.0,Company Invited,3,10.0,Small Business,Male,2,3.0,Deluxe,4.0,Unmarried,2.0,0,3,1,0.0,Manager,24355.0
203358,56.0,Company Invited,1,15.0,Small Business,Male,3,5.0,Super Deluxe,4.0,Married,3.0,1,3,1,2.0,AVP,32255.0
203442,27.0,Self Enquiry,1,9.0,Small Business,Male,3,5.0,Basic,3.0,Unmarried,2.0,0,3,0,1.0,Executive,22582.0
200857,44.0,Self Enquiry,1,16.0,Salaried,Male,3,3.0,Basic,3.0,Single,2.0,1,3,1,2.0,Executive,17936.0
203513,29.0,Self Enquiry,1,7.0,Salaried,Male,4,5.0,Basic,3.0,Married,3.0,0,4,0,2.0,Executive,20241.0
200217,29.0,Self Enquiry,1,6.0,Large Business,Male,2,3.0,Basic,3.0,Single,1.0,0,2,0,0.0,Executive,17058.0
202152,32.0,Company Invited,1,6.0,Salaried,Female,3,4.0,Basic,4.0,Married,7.0,0,3,0,2.0,Executive,17332.0
204520,35.0,Company Invited,1,23.0,Salaried,Female,4,5.0,Basic,3.0,Single,3.0,0,5,1,3.0,Executive,21231.0
201282,33.0,Self Enquiry,1,14.0,Salaried,Male,2,1.0,Basic,5.0,Married,7.0,0,3,1,1.0,Executive,18143.0
202685,33.0,Company Invited,3,33.0,Small Business,Male,4,4.0,Deluxe,3.0,Divorced,2.0,0,4,1,3.0,Manager,23143.0
202282,43.0,Company Invited,1,33.0,Salaried,Female,2,3.0,Standard,5.0,Married,1.0,0,4,1,0.0,Senior Manager,25820.0
203713,44.0,Self Enquiry,2,9.0,Salaried,Male,4,4.0,Basic,3.0,Unmarried,2.0,0,1,0,1.0,Executive,22217.0
203112,29.0,Self Enquiry,1,16.0,Small Business,Female,4,4.0,Basic,3.0,Married,7.0,0,3,1,2.0,Executive,21055.0
204603,21.0,Self Enquiry,1,11.0,Large Business,Male,3,4.0,Basic,5.0,Unmarried,3.0,0,3,1,1.0,Executive,21651.0
204400,38.0,Self Enquiry,3,9.0,Small Business,Male,4,4.0,Deluxe,3.0,Married,6.0,1,3,0,3.0,Manager,28280.0
200705,39.0,Self Enquiry,3,8.0,Salaried,Male,2,1.0,Standard,3.0,Unmarried,1.0,0,2,1,1.0,Senior Manager,22880.0
202304,34.0,Self Enquiry,3,15.0,Salaried,Female,3,3.0,Deluxe,3.0,Married,2.0,0,1,0,0.0,Manager,20714.0
203037,37.0,Self Enquiry,1,7.0,Salaried,Female,3,4.0,Deluxe,4.0,Divorced,2.0,0,5,0,1.0,Manager,23906.0
200123,51.0,Self Enquiry,1,12.0,Salaried,Male,2,3.0,King,3.0,Single,1.0,0,5,1,0.0,VP,34537.0
200508,35.0,Self Enquiry,1,12.0,Salaried,Male,2,5.0,Deluxe,3.0,Unmarried,2.0,0,5,1,0.0,Manager,21646.0
204032,37.0,Self Enquiry,1,10.0,Salaried,Female,3,4.0,Basic,3.0,Married,7.0,0,1,0,2.0,Executive,21513.0
202062,47.0,Self Enquiry,1,8.0,Salaried,Female,2,3.0,Super Deluxe,3.0,Married,2.0,1,4,1,0.0,AVP,31752.0
200825,29.0,Self Enquiry,1,14.0,Small Business,Male,3,4.0,Deluxe,3.0,Divorced,2.0,1,3,0,0.0,Manager,20056.0
201023,56.0,Self Enquiry,1,6.0,Salaried,Female,2,3.0,Basic,5.0,Divorced,3.0,0,5,1,1.0,Executive,17066.0
200150,40.0,Company Invited,1,32.0,Small Business,Female,2,3.0,Deluxe,4.0,Married,2.0,0,2,1,0.0,Manager,20605.0
204373,42.0,Company Invited,1,9.0,Salaried,Fe Male,4,5.0,Deluxe,3.0,Unmarried,4.0,1,1,0,1.0,Manager,25489.0
202383,45.0,Self Enquiry,3,19.0,Small Business,Male,2,1.0,Super Deluxe,3.0,Single,7.0,1,3,1,0.0,AVP,33824.0
200194,45.0,Company Invited,1,8.0,Small Business,Male,3,4.0,Super Deluxe,3.0,Divorced,1.0,0,4,1,0.0,AVP,31792.0
201770,41.0,Self Enquiry,3,8.0,Salaried,Male,2,3.0,Super Deluxe,4.0,Single,2.0,0,3,1,1.0,AVP,31015.0
200616,51.0,Self Enquiry,3,32.0,Small Business,Female,3,3.0,Super Deluxe,3.0,Divorced,3.0,0,3,0,1.0,AVP,31307.0
204313,32.0,Self Enquiry,1,7.0,Salaried,Male,4,5.0,Basic,5.0,Married,3.0,0,4,1,2.0,Executive,20896.0
200374,28.0,Self Enquiry,3,15.0,Salaried,Male,3,3.0,Deluxe,3.0,Single,2.0,0,3,1,0.0,Manager,20253.0
202753,32.0,Self Enquiry,1,12.0,Large Business,Male,3,4.0,Basic,3.0,Divorced,2.0,1,4,0,2.0,Executive,23499.0
203087,43.0,Self Enquiry,1,10.0,Salaried,Female,4,2.0,Deluxe,3.0,Divorced,4.0,1,5,0,1.0,Manager,23909.0
202446,38.0,Self Enquiry,1,9.0,Free Lancer,Male,4,5.0,Basic,3.0,Single,8.0,1,3,0,1.0,Executive,20768.0
201518,46.0,Company Invited,3,11.0,Small Business,Male,3,3.0,Deluxe,3.0,Single,5.0,1,5,1,1.0,Manager,20772.0
204689,44.0,Self Enquiry,3,32.0,Small Business,Male,4,5.0,Standard,3.0,Married,7.0,0,4,1,2.0,Senior Manager,29476.0
202812,41.0,Self Enquiry,3,29.0,Small Business,Male,4,5.0,Deluxe,3.0,Divorced,4.0,1,3,1,2.0,Manager,25058.0
201156,40.0,Self Enquiry,1,21.0,Salaried,Female,3,4.0,Standard,3.0,Married,2.0,0,1,1,1.0,Senior Manager,25435.0
200295,42.0,Company Invited,3,32.0,Small Business,Female,3,3.0,Super Deluxe,4.0,Divorced,6.0,0,3,1,2.0,AVP,28525.0
204465,40.0,Self Enquiry,2,10.0,Salaried,Female,3,2.0,Deluxe,4.0,Married,2.0,0,1,0,1.0,Manager,25067.0
200997,27.0,Self Enquiry,1,23.0,Salaried,Female,2,3.0,Basic,3.0,Single,2.0,1,5,1,0.0,Executive,17394.0
202439,48.0,Self Enquiry,3,8.0,Small Business,Male,2,4.0,Deluxe,4.0,Unmarried,1.0,1,1,1,0.0,Manager,22898.0
201148,39.0,Self Enquiry,1,16.0,Small Business,Male,3,3.0,Deluxe,5.0,Married,3.0,0,5,1,2.0,Manager,20377.0
204344,36.0,Self Enquiry,1,29.0,Salaried,Male,3,6.0,Basic,3.0,Unmarried,2.0,0,4,1,2.0,Executive,22908.0
202480,51.0,Self Enquiry,3,10.0,Small Business,Male,3,5.0,Basic,3.0,Divorced,3.0,1,4,0,1.0,Executive,21361.0
202988,48.0,Company Invited,3,10.0,Small Business,Female,3,4.0,Super Deluxe,3.0,Married,2.0,1,5,1,2.0,AVP,32448.0
200870,35.0,Self Enquiry,3,23.0,Salaried,Male,3,3.0,Deluxe,5.0,Divorced,4.0,1,3,1,1.0,Manager,23966.0
203226,31.0,Self Enquiry,1,27.0,Salaried,Male,3,4.0,Deluxe,5.0,Divorced,2.0,0,4,1,1.0,Manager,28635.0
202084,26.0,Company Invited,1,11.0,Small Business,Female,2,4.0,Basic,3.0,Married,2.0,1,1,0,1.0,Executive,17366.0
200575,54.0,Self Enquiry,1,25.0,Small Business,Female,3,3.0,Deluxe,5.0,Married,1.0,1,3,0,0.0,Manager,20485.0
203003,39.0,Self Enquiry,1,9.0,Small Business,Male,4,4.0,Basic,3.0,Divorced,8.0,1,4,0,1.0,Executive,21735.0
201501,44.0,Self Enquiry,1,16.0,Salaried,Male,2,3.0,Deluxe,3.0,Married,3.0,1,3,0,1.0,Manager,21465.0
201166,48.0,Company Invited,1,10.0,Small Business,Male,2,4.0,Super Deluxe,3.0,Married,3.0,0,5,1,1.0,AVP,30202.0
201803,43.0,Self Enquiry,1,13.0,Salaried,Female,2,3.0,Standard,5.0,Married,1.0,0,5,1,0.0,Senior Manager,24985.0
200567,34.0,Self Enquiry,3,8.0,Salaried,Male,2,3.0,Deluxe,3.0,Single,2.0,0,5,0,0.0,Manager,21274.0
204374,27.0,Self Enquiry,3,36.0,Small Business,Male,3,4.0,Deluxe,3.0,Married,7.0,0,5,0,1.0,Manager,22984.0
203123,32.0,Company Invited,3,27.0,Small Business,Female,3,4.0,Deluxe,3.0,Divorced,3.0,0,2,1,1.0,Manager,25610.0
203553,31.0,Self Enquiry,3,36.0,Large Business,Male,3,4.0,Standard,4.0,Married,5.0,0,4,0,2.0,Senior Manager,27928.0
200220,36.0,Self Enquiry,1,11.0,Salaried,Male,3,3.0,Deluxe,4.0,Single,1.0,0,2,0,2.0,Manager,20914.0
202663,55.0,Self Enquiry,3,10.0,Small Business,Female,3,4.0,Deluxe,5.0,Divorced,4.0,0,4,1,2.0,Manager,24618.0
201769,51.0,Self Enquiry,1,8.0,Small Business,Male,2,5.0,Deluxe,4.0,Married,6.0,0,1,0,1.0,Manager,20482.0
204728,41.0,Self Enquiry,1,21.0,Small Business,Male,3,5.0,King,3.0,Single,3.0,0,3,1,2.0,VP,38304.0
200063,59.0,Self Enquiry,3,31.0,Salaried,Female,2,3.0,Standard,5.0,Unmarried,1.0,0,3,1,0.0,Senior Manager,22637.0
201060,24.0,Company Invited,1,15.0,Small Business,Male,2,3.0,Basic,5.0,Single,3.0,1,3,0,1.0,Executive,18172.0
202331,46.0,Self Enquiry,3,8.0,Small Business,Female,3,3.0,Super Deluxe,5.0,Married,1.0,0,1,1,1.0,AVP,32048.0
200091,51.0,Self Enquiry,3,27.0,Small Business,Male,3,3.0,Deluxe,3.0,Single,1.0,1,5,1,1.0,Manager,20441.0
201421,47.0,Company Invited,1,6.0,Small Business,Female,3,3.0,Standard,4.0,Married,1.0,0,5,0,0.0,Senior Manager,26957.0
203293,44.0,Self Enquiry,3,16.0,Small Business,Fe Male,3,6.0,Deluxe,3.0,Unmarried,2.0,0,2,1,2.0,Manager,24024.0
204549,36.0,Self Enquiry,1,16.0,Salaried,Female,4,5.0,Standard,3.0,Married,3.0,1,4,1,3.0,Senior Manager,29363.0
203403,41.0,Self Enquiry,1,9.0,Salaried,Male,4,4.0,Deluxe,3.0,Unmarried,3.0,0,3,1,3.0,Manager,23339.0
201444,56.0,Self Enquiry,1,13.0,Large Business,Male,3,3.0,Basic,3.0,Married,1.0,0,4,1,2.0,Executive,17339.0
203466,38.0,Company Invited,1,12.0,Large Business,Male,3,2.0,Basic,3.0,Unmarried,2.0,0,5,1,1.0,Executive,22178.0
201162,35.0,Self Enquiry,3,16.0,Small Business,Male,2,4.0,Standard,5.0,Married,1.0,0,5,1,1.0,Senior Manager,25306.0
201890,29.0,Self Enquiry,1,9.0,Small Business,Male,3,4.0,Standard,3.0,Married,2.0,0,1,0,2.0,Senior Manager,26935.0
204247,44.0,Self Enquiry,1,14.0,Salaried,Female,3,4.0,Standard,5.0,Married,2.0,0,5,1,1.0,Senior Manager,28663.0
202935,44.0,Company Invited,1,16.0,Small Business,Male,4,4.0,Deluxe,3.0,Married,5.0,1,3,1,1.0,Manager,24357.0
201478,38.0,Company Invited,1,29.0,Salaried,Male,2,4.0,Standard,3.0,Unmarried,1.0,0,3,1,0.0,Senior Manager,24526.0
204638,25.0,Self Enquiry,1,24.0,Small Business,Female,3,5.0,Deluxe,3.0,Married,3.0,0,3,0,1.0,Manager,23055.0
200197,42.0,Company Invited,1,27.0,Small Business,Female,2,3.0,Deluxe,3.0,Married,3.0,0,2,0,0.0,Manager,20265.0
201607,39.0,Self Enquiry,3,10.0,Salaried,Female,2,4.0,Deluxe,3.0,Married,5.0,0,5,1,1.0,Manager,20902.0
203447,26.0,Self Enquiry,1,7.0,Large Business,Male,3,4.0,Basic,3.0,Divorced,6.0,0,5,1,2.0,Executive,21907.0
201950,30.0,Company Invited,3,18.0,Salaried,Male,3,4.0,Basic,5.0,Married,2.0,0,5,1,2.0,Executive,17033.0
200064,36.0,Self Enquiry,1,14.0,Large Business,Female,2,3.0,Standard,3.0,Married,2.0,0,4,1,1.0,Senior Manager,25096.0
201746,35.0,Self Enquiry,1,28.0,Salaried,Female,3,1.0,Standard,4.0,Married,1.0,0,5,1,2.0,Senior Manager,26996.0
200272,28.0,Self Enquiry,1,15.0,Small Business,Male,3,3.0,Basic,3.0,Divorced,2.0,0,2,1,1.0,Executive,17070.0
202551,26.0,Self Enquiry,3,12.0,Small Business,Male,3,5.0,Deluxe,3.0,Unmarried,3.0,1,3,1,1.0,Manager,24422.0
200032,30.0,Self Enquiry,1,15.0,Small Business,Male,2,4.0,Basic,3.0,Single,2.0,0,4,1,1.0,Executive,17206.0
202163,36.0,Self Enquiry,3,9.0,Salaried,Male,2,4.0,Standard,3.0,Married,2.0,1,1,1,0.0,Senior Manager,25325.0
203776,30.0,Company Invited,1,31.0,Salaried,Male,4,5.0,Basic,3.0,Single,3.0,1,3,1,3.0,Executive,21117.0
201126,50.0,Self Enquiry,3,5.0,Small Business,Male,2,3.0,King,3.0,Married,5.0,1,5,0,1.0,VP,34331.0
200265,29.0,Self Enquiry,3,8.0,Small Business,Male,3,4.0,Deluxe,4.0,Divorced,3.0,0,4,0,1.0,Manager,21644.0
204763,44.0,Self Enquiry,3,16.0,Small Business,Fe Male,3,6.0,Deluxe,3.0,Unmarried,2.0,0,1,0,1.0,Manager,24024.0
202689,32.0,Company Invited,1,10.0,Small Business,Male,4,4.0,Standard,3.0,Married,2.0,0,4,1,3.0,Senior Manager,32353.0
201097,24.0,Self Enquiry,1,27.0,Large Business,Male,2,4.0,Basic,5.0,Married,1.0,0,3,0,0.0,Executive,17296.0
202728,27.0,Company Invited,1,18.0,Small Business,Male,3,4.0,Deluxe,5.0,Divorced,3.0,1,3,1,2.0,Manager,23419.0
202416,40.0,Self Enquiry,1,14.0,Small Business,Male,3,4.0,Basic,3.0,Unmarried,2.0,1,4,1,2.0,Executive,24094.0
203931,23.0,Company Invited,1,23.0,Small Business,Male,4,2.0,Basic,3.0,Married,3.0,1,3,0,3.0,Executive,21613.0
200395,43.0,Company Invited,1,27.0,Small Business,Male,3,3.0,Basic,3.0,Divorced,1.0,0,4,0,2.0,Executive,17258.0
201398,33.0,Company Invited,1,13.0,Salaried,Male,2,3.0,Deluxe,3.0,Married,2.0,0,5,1,1.0,Manager,20968.0
202212,50.0,Self Enquiry,1,15.0,Salaried,Male,3,3.0,Basic,3.0,Married,5.0,0,5,1,2.0,Executive,17380.0
204078,28.0,Company Invited,1,10.0,Small Business,Male,4,5.0,Basic,3.0,Married,3.0,1,1,0,3.0,Executive,21244.0
201972,53.0,Self Enquiry,3,6.0,Small Business,Female,2,3.0,Deluxe,5.0,Unmarried,1.0,0,1,1,1.0,Manager,23381.0
200751,50.0,Company Invited,3,6.0,Salaried,Female,3,3.0,Deluxe,3.0,Divorced,1.0,0,2,1,1.0,Manager,21347.0
204831,35.0,Self Enquiry,1,24.0,Salaried,Female,3,4.0,Basic,3.0,Unmarried,3.0,1,5,1,1.0,Executive,23216.0
203953,34.0,Company Invited,3,7.0,Salaried,Female,3,2.0,Deluxe,5.0,Married,4.0,0,3,0,2.0,Manager,24054.0
200178,46.0,Self Enquiry,3,6.0,Small Business,Female,3,3.0,Standard,5.0,Married,2.0,0,2,1,1.0,Senior Manager,25453.0
202057,52.0,Self Enquiry,1,17.0,Salaried,Female,2,3.0,Deluxe,3.0,Married,1.0,0,1,1,0.0,Manager,18149.0
204177,47.0,Self Enquiry,3,9.0,Large Business,Female,4,6.0,Super Deluxe,4.0,Married,5.0,1,5,1,1.0,AVP,35550.0
202128,44.0,Self Enquiry,1,15.0,Salaried,Male,3,3.0,Basic,5.0,Married,2.0,1,3,1,0.0,Executive,17559.0
204570,33.0,Self Enquiry,1,32.0,Salaried,Male,3,4.0,Basic,3.0,Unmarried,3.0,1,5,0,1.0,Executive,21473.0
201608,25.0,Self Enquiry,3,34.0,Salaried,Male,2,4.0,Deluxe,3.0,Married,3.0,0,4,1,1.0,Manager,23639.0
203660,44.0,Self Enquiry,3,9.0,Small Business,Male,4,4.0,Deluxe,3.0,Married,3.0,1,3,0,1.0,Manager,26525.0
200055,33.0,Company Invited,1,6.0,Salaried,Fe Male,3,3.0,Standard,3.0,Unmarried,2.0,1,2,1,0.0,Senior Manager,28458.0
203386,37.0,Self Enquiry,1,17.0,Large Business,Female,4,4.0,Standard,3.0,Divorced,5.0,0,3,0,3.0,Senior Manager,25772.0
201141,30.0,Self Enquiry,1,13.0,Small Business,Male,2,4.0,Basic,4.0,Married,2.0,0,5,0,0.0,Executive,17141.0
203662,42.0,Self Enquiry,3,13.0,Small Business,Male,3,4.0,Standard,3.0,Unmarried,3.0,0,5,1,1.0,Senior Manager,27919.0
201971,30.0,Company Invited,1,9.0,Small Business,Female,3,3.0,Basic,3.0,Married,2.0,0,3,1,1.0,Executive,17083.0
204814,37.0,Company Invited,1,10.0,Large Business,Male,3,4.0,Basic,4.0,Married,3.0,0,3,0,2.0,Executive,22370.0
202813,32.0,Self Enquiry,1,16.0,Salaried,Male,3,5.0,Basic,4.0,Unmarried,2.0,1,3,1,1.0,Executive,21335.0
200439,31.0,Company Invited,1,26.0,Salaried,Male,3,3.0,Standard,3.0,Divorced,4.0,0,3,1,0.0,Senior Manager,24824.0
203915,50.0,Company Invited,1,15.0,Salaried,Male,4,5.0,Deluxe,4.0,Married,3.0,0,1,0,1.0,Manager,23808.0
203944,34.0,Self Enquiry,1,9.0,Small Business,Male,4,4.0,Basic,3.0,Single,6.0,0,3,0,3.0,Executive,21174.0
204519,39.0,Company Invited,1,19.0,Salaried,Male,2,5.0,Deluxe,5.0,Married,4.0,0,5,1,1.0,Manager,24966.0
201342,34.0,Self Enquiry,3,10.0,Salaried,Male,3,3.0,Standard,3.0,Married,3.0,1,4,0,2.0,Senior Manager,24713.0
204261,48.0,Company Invited,3,11.0,Small Business,Male,4,4.0,Deluxe,3.0,Unmarried,5.0,0,4,0,3.0,Manager,21654.0
200754,33.0,Company Invited,3,14.0,Salaried,Female,2,4.0,Basic,3.0,Single,1.0,0,2,1,1.0,Executive,17342.0
204111,43.0,Company Invited,1,28.0,Small Business,Female,3,4.0,Deluxe,3.0,Married,4.0,0,1,0,1.0,Manager,23943.0
203898,46.0,Self Enquiry,3,27.0,Salaried,Female,3,4.0,Deluxe,3.0,Unmarried,2.0,0,1,1,1.0,Manager,23528.0
204666,37.0,Self Enquiry,1,23.0,Salaried,Female,3,2.0,Basic,5.0,Unmarried,3.0,0,1,1,1.0,Executive,21421.0
200679,31.0,Company Invited,3,26.0,Small Business,Female,2,3.0,Deluxe,3.0,Divorced,2.0,0,2,1,0.0,Manager,21932.0
204297,23.0,Self Enquiry,1,18.0,Small Business,Female,3,4.0,Basic,4.0,Married,3.0,0,1,1,2.0,Executive,20922.0
203646,39.0,Self Enquiry,1,11.0,Small Business,Female,3,4.0,Basic,3.0,Married,2.0,0,5,0,1.0,Executive,21984.0
204362,41.0,Self Enquiry,1,13.0,Salaried,Female,4,4.0,Super Deluxe,3.0,Single,2.0,0,5,1,1.0,AVP,31915.0
200672,42.0,Self Enquiry,3,20.0,Small Business,Female,3,4.0,Deluxe,3.0,Single,1.0,0,3,0,0.0,Manager,21244.0
200313,33.0,Company Invited,1,11.0,Salaried,Female,3,3.0,Standard,4.0,Divorced,7.0,0,3,1,2.0,Senior Manager,26878.0
204008,33.0,Self Enquiry,3,13.0,Small Business,Male,3,4.0,Deluxe,3.0,Unmarried,3.0,0,5,1,2.0,Manager,23688.0
202735,37.0,Self Enquiry,1,10.0,Large Business,Male,2,4.0,Deluxe,4.0,Unmarried,6.0,0,2,1,1.0,Manager,23163.0
202018,43.0,Company Invited,3,21.0,Salaried,Male,2,4.0,Deluxe,3.0,Married,4.0,0,5,1,0.0,Manager,21804.0
201236,36.0,Self Enquiry,3,19.0,Small Business,Male,3,4.0,Deluxe,5.0,Married,6.0,1,1,1,0.0,Manager,21134.0
204212,37.0,Company Invited,1,25.0,Salaried,Male,3,2.0,Basic,3.0,Married,6.0,0,5,1,2.0,Executive,22366.0
202369,49.0,Self Enquiry,1,10.0,Small Business,Male,2,4.0,King,3.0,Married,3.0,0,3,0,1.0,VP,33711.0
201034,45.0,Self Enquiry,1,26.0,Small Business,Male,3,5.0,Standard,5.0,Married,3.0,1,3,0,0.0,Senior Manager,25851.0
204512,29.0,Self Enquiry,1,9.0,Small Business,Male,3,4.0,Basic,3.0,Unmarried,8.0,0,3,1,2.0,Executive,23060.0
203289,41.0,Company Invited,1,33.0,Small Business,Female,4,5.0,Deluxe,3.0,Divorced,5.0,1,2,1,1.0,Manager,23100.0
203873,40.0,Self Enquiry,1,31.0,Salaried,Male,3,4.0,Deluxe,3.0,Unmarried,2.0,0,4,1,1.0,Manager,22786.0
200925,42.0,Self Enquiry,1,13.0,Small Business,Female,3,1.0,Deluxe,4.0,Divorced,7.0,1,1,0,0.0,Manager,17372.0
202975,33.0,Self Enquiry,1,10.0,Salaried,Female,3,4.0,Standard,3.0,Single,5.0,0,2,1,2.0,Senior Manager,29837.0
204201,39.0,Self Enquiry,1,30.0,Salaried,Male,3,4.0,Deluxe,3.0,Married,2.0,0,3,0,2.0,Manager,24423.0
200358,36.0,Company Invited,3,6.0,Small Business,Female,2,3.0,Deluxe,3.0,Unmarried,5.0,0,2,1,1.0,Manager,21653.0
203119,32.0,Self Enquiry,3,14.0,Salaried,Male,3,5.0,Basic,3.0,Divorced,5.0,0,4,1,2.0,Executive,21007.0
202201,20.0,Self Enquiry,1,17.0,Small Business,Female,3,4.0,Basic,5.0,Single,2.0,1,3,1,2.0,Executive,17600.0
200166,41.0,Self Enquiry,1,20.0,Salaried,Male,2,3.0,Basic,3.0,Married,5.0,0,4,1,1.0,Executive,17451.0
201336,55.0,Self Enquiry,1,8.0,Large Business,Male,3,4.0,Basic,3.0,Married,1.0,0,5,0,0.0,Executive,17662.0
202478,25.0,Self Enquiry,1,7.0,Small Business,Male,4,4.0,Basic,3.0,Divorced,4.0,1,3,1,3.0,Executive,20971.0
203474,32.0,Self Enquiry,3,15.0,Salaried,Male,3,4.0,Standard,3.0,Married,3.0,0,3,1,1.0,Senior Manager,29471.0
203235,36.0,Self Enquiry,3,11.0,Large Business,Male,3,4.0,Standard,5.0,Unmarried,2.0,1,4,1,2.0,Senior Manager,28260.0
200324,30.0,Self Enquiry,1,34.0,Small Business,Female,3,3.0,Deluxe,3.0,Divorced,2.0,0,3,0,2.0,Manager,20775.0
201775,36.0,Company Invited,1,30.0,Salaried,Female,2,3.0,Deluxe,4.0,Married,1.0,0,3,1,1.0,Manager,20674.0
202901,19.0,Company Invited,3,12.0,Small Business,Male,4,4.0,Basic,4.0,Single,3.0,1,4,1,3.0,Executive,20556.0
204254,38.0,Self Enquiry,1,12.0,Small Business,Male,4,4.0,Deluxe,3.0,Married,2.0,0,3,1,3.0,Manager,25025.0
204754,36.0,Self Enquiry,1,7.0,Small Business,Male,3,5.0,Basic,3.0,Married,8.0,0,1,1,2.0,Executive,20936.0
201105,33.0,Self Enquiry,3,14.0,Salaried,Male,2,3.0,Deluxe,5.0,Married,3.0,0,5,1,0.0,Manager,21392.0
200068,35.0,Company Invited,1,6.0,Small Business,Male,3,3.0,Basic,5.0,Divorced,5.0,0,2,0,1.0,Executive,17194.0
204398,32.0,Self Enquiry,3,13.0,Small Business,Male,4,2.0,Deluxe,3.0,Married,6.0,0,5,1,2.0,Manager,24138.0
200659,28.0,Self Enquiry,3,11.0,Small Business,Male,3,3.0,Deluxe,3.0,Single,2.0,0,3,1,0.0,Manager,19908.0
204178,29.0,Self Enquiry,1,9.0,Salaried,Male,4,4.0,Basic,3.0,Unmarried,4.0,0,4,0,2.0,Executive,22163.0
204441,33.0,Self Enquiry,3,17.0,Small Business,Male,3,4.0,Deluxe,3.0,Unmarried,3.0,0,4,1,2.0,Manager,24074.0
204406,49.0,Self Enquiry,1,7.0,Salaried,Female,3,5.0,Super Deluxe,5.0,Married,2.0,0,4,0,1.0,AVP,34080.0
201011,36.0,Self Enquiry,3,9.0,Small Business,Fe Male,2,3.0,Deluxe,4.0,Unmarried,4.0,1,4,0,1.0,Manager,24278.0
202872,48.0,Self Enquiry,1,9.0,Small Business,Female,4,4.0,Deluxe,3.0,Married,7.0,0,2,0,2.0,Manager,23748.0
200578,38.0,Company Invited,1,8.0,Salaried,Female,3,1.0,Deluxe,5.0,Single,7.0,1,2,1,2.0,Manager,20980.0
201103,48.0,Self Enquiry,3,22.0,Salaried,Female,3,3.0,Deluxe,3.0,Married,1.0,0,4,1,0.0,Manager,21439.0
200952,31.0,Company Invited,3,6.0,Salaried,Female,2,3.0,Basic,4.0,Single,2.0,1,5,1,1.0,Executive,17302.0
202552,26.0,Self Enquiry,1,14.0,Small Business,Male,4,5.0,Basic,3.0,Divorced,3.0,0,2,1,3.0,Executive,21567.0
203732,36.0,Company Invited,1,9.0,Small Business,Male,3,4.0,Deluxe,3.0,Married,4.0,0,3,0,2.0,Manager,24440.0
200491,43.0,Company Invited,1,15.0,Small Business,Male,3,3.0,Deluxe,3.0,Married,4.0,1,3,1,0.0,Manager,20679.0
203022,39.0,Company Invited,1,9.0,Salaried,Fe Male,4,2.0,Deluxe,5.0,Unmarried,8.0,1,2,1,3.0,Manager,24658.0
201978,35.0,Self Enquiry,1,12.0,Salaried,Male,2,5.0,Deluxe,3.0,Unmarried,2.0,0,5,0,1.0,Manager,21646.0
200213,51.0,Self Enquiry,1,14.0,Salaried,Male,2,4.0,Standard,4.0,Divorced,6.0,0,3,1,1.0,Senior Manager,27490.0
201623,45.0,Self Enquiry,1,15.0,Salaried,Male,2,3.0,Deluxe,4.0,Married,1.0,0,4,1,0.0,Manager,17348.0
202834,44.0,Self Enquiry,1,19.0,Salaried,Male,3,5.0,Super Deluxe,4.0,Married,3.0,0,3,0,2.0,AVP,33014.0
204860,41.0,Self Enquiry,1,15.0,Small Business,Male,4,5.0,Basic,3.0,Unmarried,3.0,1,4,1,3.0,Executive,27772.0
204164,38.0,Company Invited,1,17.0,Small Business,Male,4,4.0,Standard,3.0,Married,8.0,0,3,0,3.0,Senior Manager,28726.0
204437,51.0,Self Enquiry,1,35.0,Small Business,Male,4,2.0,Basic,3.0,Married,3.0,1,1,0,2.0,Executive,21899.0
204580,23.0,Self Enquiry,1,10.0,Salaried,Female,3,4.0,Deluxe,3.0,Married,2.0,1,5,1,2.0,Manager,22849.0
202123,50.0,Company Invited,1,8.0,Salaried,Male,3,3.0,Super Deluxe,5.0,Married,2.0,0,5,1,1.0,AVP,32924.0
200232,59.0,Self Enquiry,2,12.0,Small Business,Male,2,3.0,Basic,3.0,Divorced,1.0,0,4,1,0.0,Executive,17267.0
203307,34.0,Self Enquiry,2,9.0,Salaried,Male,3,4.0,Basic,3.0,Divorced,3.0,0,2,0,1.0,Executive,22278.0
200014,28.0,Self Enquiry,1,30.0,Salaried,Male,2,4.0,Basic,3.0,Single,6.0,1,2,0,0.0,Executive,17028.0
204213,52.0,Self Enquiry,1,9.0,Small Business,Male,3,6.0,Deluxe,4.0,Married,7.0,0,1,0,2.0,Manager,24160.0
203950,51.0,Self Enquiry,3,10.0,Small Business,Male,3,5.0,Basic,3.0,Married,3.0,1,4,1,2.0,Executive,21361.0
200399,31.0,Self Enquiry,1,6.0,Salaried,Male,3,4.0,Basic,5.0,Divorced,2.0,0,4,0,0.0,Executive,17218.0
201136,28.0,Self Enquiry,1,30.0,Small Business,Male,2,3.0,Basic,4.0,Married,2.0,1,1,0,0.0,Executive,17408.0
203600,41.0,Self Enquiry,1,22.0,Salaried,Female,4,5.0,Standard,3.0,Married,3.0,0,1,1,2.0,Senior Manager,29113.0
204342,48.0,Self Enquiry,1,9.0,Small Business,Female,4,4.0,Deluxe,3.0,Married,7.0,0,1,0,1.0,Manager,23748.0
201513,27.0,Company Invited,3,14.0,Salaried,Male,2,3.0,Standard,3.0,Unmarried,2.0,0,1,1,0.0,Senior Manager,23726.0
200435,33.0,Self Enquiry,1,21.0,Small Business,Male,2,3.0,Standard,3.0,Divorced,1.0,1,5,0,0.0,Senior Manager,28610.0
203593,28.0,Self Enquiry,1,26.0,Salaried,Male,4,5.0,Basic,5.0,Married,3.0,0,1,0,1.0,Executive,22744.0
201500,33.0,Self Enquiry,1,8.0,Small Business,Male,3,3.0,Basic,3.0,Single,5.0,0,3,0,2.0,Executive,17496.0
200633,36.0,Self Enquiry,2,14.0,Salaried,Male,3,4.0,Basic,5.0,Divorced,1.0,0,2,1,2.0,Executive,17342.0
204810,32.0,Self Enquiry,1,31.0,Small Business,Fe Male,4,5.0,Deluxe,5.0,Unmarried,3.0,0,5,1,1.0,Manager,25490.0
204263,30.0,Company Invited,3,9.0,Salaried,Male,4,4.0,Deluxe,3.0,Married,3.0,0,1,1,2.0,Manager,23327.0
202181,29.0,Self Enquiry,1,16.0,Salaried,Female,3,4.0,Basic,5.0,Single,7.0,1,5,1,0.0,Executive,17404.0
202468,35.0,Self Enquiry,1,13.0,Small Business,Male,3,4.0,Basic,5.0,Unmarried,4.0,0,2,1,2.0,Executive,21638.0
201791,31.0,Self Enquiry,3,13.0,Small Business,Male,3,3.0,Deluxe,3.0,Married,5.0,0,1,0,0.0,Manager,22547.0
203877,26.0,Self Enquiry,3,15.0,Salaried,Female,3,4.0,Deluxe,3.0,Married,2.0,1,1,1,2.0,Manager,23585.0
203727,29.0,Self Enquiry,1,7.0,Salaried,Male,3,4.0,Basic,3.0,Married,3.0,0,1,0,1.0,Executive,20722.0
203890,35.0,Self Enquiry,3,35.0,Small Business,Female,4,5.0,Deluxe,3.0,Married,3.0,0,5,1,1.0,Manager,25390.0
202856,47.0,Self Enquiry,1,25.0,Small Business,Female,3,4.0,Deluxe,3.0,Married,4.0,0,5,0,1.0,Manager,23488.0
203272,19.0,Company Invited,1,15.0,Small Business,Male,4,4.0,Basic,3.0,Single,3.0,0,5,0,1.0,Executive,20582.0
204467,41.0,Self Enquiry,1,9.0,Small Business,Female,3,5.0,Basic,3.0,Single,2.0,1,3,0,1.0,Executive,21020.0
203187,60.0,Self Enquiry,1,9.0,Salaried,Female,4,5.0,Super Deluxe,3.0,Single,5.0,1,5,0,3.0,AVP,32404.0
201559,46.0,Self Enquiry,3,15.0,Small Business,Male,3,4.0,Standard,3.0,Unmarried,2.0,0,5,1,2.0,Senior Manager,24619.0
204858,29.0,Self Enquiry,1,14.0,Salaried,Male,4,4.0,Basic,5.0,Unmarried,5.0,1,3,0,3.0,Executive,25352.0
202955,37.0,Self Enquiry,1,16.0,Small Business,Male,3,5.0,Deluxe,4.0,Married,4.0,1,4,1,1.0,Manager,27525.0
201279,44.0,Company Invited,1,6.0,Small Business,Male,2,3.0,Basic,4.0,Married,2.0,1,3,1,1.0,Executive,17342.0
202483,34.0,Company Invited,3,7.0,Salaried,Female,3,3.0,Deluxe,5.0,Divorced,4.0,0,3,1,1.0,Manager,24054.0
200279,50.0,Self Enquiry,1,10.0,Salaried,Male,3,3.0,King,4.0,Married,4.0,0,5,1,0.0,VP,34144.0
202055,23.0,Self Enquiry,1,12.0,Salaried,Male,3,1.0,Basic,5.0,Married,2.0,1,3,0,0.0,Executive,16601.0
204036,57.0,Self Enquiry,1,21.0,Salaried,Female,4,4.0,Basic,4.0,Married,2.0,1,5,1,1.0,Executive,23641.0
203744,35.0,Self Enquiry,3,15.0,Large Business,Male,4,2.0,Deluxe,3.0,Married,3.0,0,1,0,3.0,Manager,25477.0
204335,30.0,Self Enquiry,1,32.0,Large Business,Female,4,5.0,Basic,4.0,Married,7.0,0,3,1,3.0,Executive,21224.0
200227,29.0,Company Invited,3,6.0,Small Business,Female,2,3.0,Standard,3.0,Divorced,2.0,0,3,1,0.0,Senior Manager,22918.0
202860,39.0,Company Invited,1,9.0,Salaried,Male,3,4.0,Basic,3.0,Divorced,3.0,1,5,1,2.0,Executive,20380.0
202963,30.0,Company Invited,1,7.0,Salaried,Male,4,6.0,Basic,3.0,Married,3.0,0,2,1,1.0,Executive,21398.0
200606,34.0,Company Invited,1,22.0,Salaried,Female,3,4.0,Basic,3.0,Single,2.0,0,5,1,1.0,Executive,17553.0
204811,60.0,Self Enquiry,3,10.0,Salaried,Fe Male,3,5.0,Deluxe,3.0,Unmarried,7.0,0,3,0,1.0,Manager,23849.0
202485,28.0,Self Enquiry,1,9.0,Salaried,Female,3,4.0,Basic,5.0,Married,3.0,0,3,0,2.0,Executive,21019.0
200171,19.0,Company Invited,3,6.0,Large Business,Female,3,5.0,Basic,5.0,Single,1.0,0,3,1,1.0,Executive,17325.0
200327,39.0,Self Enquiry,3,9.0,Small Business,Female,2,3.0,Deluxe,3.0,Divorced,5.0,1,4,1,1.0,Manager,20238.0
202847,42.0,Self Enquiry,3,7.0,Small Business,Male,3,3.0,Standard,5.0,Divorced,3.0,0,3,1,2.0,Senior Manager,27070.0
204005,52.0,Self Enquiry,3,28.0,Small Business,Male,4,4.0,Deluxe,3.0,Unmarried,2.0,1,5,0,3.0,Manager,24119.0
200078,37.0,Self Enquiry,1,13.0,Small Business,Male,1,3.0,Standard,3.0,Single,5.0,0,2,0,0.0,Senior Manager,28664.0
201374,58.0,Self Enquiry,3,27.0,Salaried,Female,3,3.0,Super Deluxe,3.0,Married,5.0,1,5,1,0.0,AVP,32875.0
202213,59.0,Self Enquiry,1,8.0,Salaried,Female,3,4.0,Super Deluxe,3.0,Single,4.0,1,5,1,0.0,AVP,28726.0
203936,35.0,Self Enquiry,1,14.0,Salaried,Female,3,4.0,Standard,4.0,Single,2.0,0,5,0,1.0,Senior Manager,30672.0
204784,36.0,Self Enquiry,3,24.0,Salaried,Male,4,4.0,Deluxe,5.0,Married,5.0,1,3,0,3.0,Manager,27644.0
202125,33.0,Self Enquiry,2,9.0,Salaried,Male,2,3.0,Basic,4.0,Married,4.0,1,5,0,1.0,Executive,17277.0
201414,47.0,Self Enquiry,1,31.0,Small Business,Male,2,3.0,Standard,3.0,Unmarried,3.0,0,3,1,0.0,Senior Manager,23633.0
204479,24.0,Self Enquiry,1,17.0,Small Business,Male,4,2.0,Basic,3.0,Unmarried,3.0,0,1,0,2.0,Executive,22183.0
204472,33.0,Company Invited,1,31.0,Salaried,Male,4,4.0,Deluxe,3.0,Married,3.0,0,4,1,3.0,Manager,23987.0
202180,33.0,Company Invited,3,23.0,Salaried,Male,2,3.0,Super Deluxe,3.0,Single,2.0,0,3,1,0.0,AVP,32444.0
202517,33.0,Self Enquiry,1,7.0,Salaried,Male,4,4.0,Deluxe,4.0,Divorced,3.0,0,3,0,1.0,Manager,24898.0
203492,35.0,Self Enquiry,3,10.0,Salaried,Male,3,6.0,Deluxe,5.0,Unmarried,5.0,0,5,1,2.0,Manager,23437.0
203897,37.0,Self Enquiry,3,18.0,Small Business,Female,4,5.0,Deluxe,3.0,Married,6.0,0,1,1,2.0,Manager,25330.0
203894,36.0,Self Enquiry,2,33.0,Salaried,Fe Male,3,4.0,Standard,3.0,Unmarried,3.0,1,1,1,1.0,Senior Manager,27515.0
201241,32.0,Self Enquiry,3,25.0,Salaried,Male,3,5.0,Standard,3.0,Married,4.0,0,3,1,2.0,Senior Manager,24610.0
200344,35.0,Self Enquiry,1,11.0,Large Business,Male,3,3.0,Standard,4.0,Unmarried,1.0,0,3,0,0.0,Senior Manager,23095.0
203876,38.0,Self Enquiry,1,17.0,Salaried,Female,3,2.0,Standard,3.0,Married,3.0,1,1,0,2.0,Senior Manager,32422.0
201814,35.0,Self Enquiry,1,11.0,Large Business,Male,3,3.0,Standard,4.0,Unmarried,1.0,0,3,1,1.0,Senior Manager,23095.0
200445,55.0,Self Enquiry,3,24.0,Salaried,Female,2,3.0,Super Deluxe,4.0,Single,4.0,0,2,0,1.0,AVP,31835.0
203580,29.0,Self Enquiry,1,31.0,Small Business,Male,3,4.0,Basic,4.0,Married,3.0,1,1,0,1.0,Executive,21086.0
200367,50.0,Self Enquiry,1,16.0,Large Business,Male,3,4.0,Standard,3.0,Unmarried,7.0,0,5,0,2.0,Senior Manager,25496.0
201033,31.0,Company Invited,1,6.0,Salaried,Female,3,1.0,Standard,4.0,Unmarried,2.0,0,3,1,2.0,Senior Manager,22446.0
201417,31.0,Self Enquiry,3,8.0,Salaried,Male,2,3.0,Basic,3.0,Married,1.0,0,4,1,0.0,Executive,18067.0
203587,46.0,Company Invited,3,33.0,Small Business,Male,3,5.0,Deluxe,5.0,Married,3.0,0,3,0,1.0,Manager,23063.0
201739,36.0,Self Enquiry,1,12.0,Salaried,Male,2,3.0,Basic,3.0,Married,1.0,0,5,1,1.0,Executive,18210.0
203284,36.0,Self Enquiry,1,7.0,Small Business,Male,3,5.0,Basic,3.0,Divorced,8.0,0,2,1,2.0,Executive,20936.0
200720,30.0,Self Enquiry,1,28.0,Salaried,Female,2,3.0,Basic,3.0,Divorced,5.0,1,2,0,1.0,Executive,17132.0
200515,35.0,Company Invited,1,9.0,Salaried,Male,2,4.0,Basic,3.0,Divorced,2.0,0,2,1,1.0,Executive,16281.0
201656,40.0,Self Enquiry,1,10.0,Small Business,Female,2,3.0,King,3.0,Married,2.0,0,5,1,1.0,VP,34033.0
202497,36.0,Company Invited,1,18.0,Small Business,Male,4,5.0,Standard,5.0,Divorced,4.0,1,5,1,2.0,Senior Manager,28562.0
202235,38.0,Company Invited,1,9.0,Salaried,Male,2,3.0,Basic,3.0,Married,4.0,0,3,1,0.0,Executive,17821.0
202614,28.0,Self Enquiry,1,24.0,Large Business,Male,3,4.0,Basic,4.0,Divorced,2.0,1,4,1,1.0,Executive,21736.0
203179,49.0,Self Enquiry,1,13.0,Salaried,Male,4,5.0,Deluxe,3.0,Unmarried,4.0,0,2,0,1.0,Manager,22918.0
201871,56.0,Company Invited,3,12.0,Salaried,Female,2,1.0,Super Deluxe,5.0,Married,1.0,0,3,1,0.0,AVP,28212.0
203382,59.0,Self Enquiry,1,30.0,Salaried,Male,3,4.0,Basic,3.0,Married,3.0,0,3,1,2.0,Executive,21050.0
201480,35.0,Self Enquiry,1,22.0,Small Business,Male,2,1.0,Basic,4.0,Married,1.0,0,4,1,1.0,Executive,17426.0
203781,29.0,Self Enquiry,3,10.0,Small Business,Female,4,4.0,Basic,4.0,Married,3.0,0,1,1,1.0,Executive,21534.0
204486,30.0,Self Enquiry,1,34.0,Small Business,Female,4,4.0,Deluxe,3.0,Married,6.0,0,1,0,2.0,Manager,23013.0
201703,50.0,Self Enquiry,3,6.0,Small Business,Female,3,3.0,King,3.0,Married,4.0,0,1,1,0.0,VP,34517.0
201684,30.0,Self Enquiry,1,9.0,Large Business,Female,2,3.0,Basic,5.0,Single,6.0,1,4,0,0.0,Executive,17657.0
203982,36.0,Company Invited,1,7.0,Small Business,Male,4,4.0,Basic,5.0,Married,6.0,0,1,0,2.0,Executive,20872.0
202495,29.0,Self Enquiry,1,12.0,Large Business,Male,3,4.0,Basic,3.0,Unmarried,3.0,1,2,1,1.0,Executive,22119.0
200071,29.0,Self Enquiry,1,8.0,Salaried,Male,3,3.0,Basic,4.0,Divorced,1.0,0,4,0,0.0,Executive,17703.0
200095,54.0,Self Enquiry,1,8.0,Large Business,Female,2,3.0,Standard,3.0,Divorced,1.0,0,4,1,0.0,Senior Manager,28549.0
200459,41.0,Company Invited,1,8.0,Salaried,Female,3,4.0,Deluxe,3.0,Unmarried,3.0,1,2,0,0.0,Manager,21811.0
204323,43.0,Company Invited,1,36.0,Salaried,Female,4,4.0,Deluxe,3.0,Married,4.0,0,3,1,2.0,Manager,23234.0
201858,42.0,Self Enquiry,1,6.0,Salaried,Female,3,3.0,Basic,5.0,Married,4.0,0,3,0,2.0,Executive,17576.0
202682,33.0,Self Enquiry,3,11.0,Salaried,Female,3,4.0,Basic,4.0,Divorced,4.0,0,3,1,1.0,Executive,22609.0
204717,35.0,Company Invited,1,10.0,Salaried,Male,3,5.0,Basic,3.0,Married,5.0,0,1,0,1.0,Executive,21657.0
202993,35.0,Self Enquiry,1,15.0,Small Business,Fe Male,4,4.0,Deluxe,3.0,Unmarried,5.0,0,4,1,2.0,Manager,24820.0
200946,40.0,Self Enquiry,3,31.0,Small Business,Male,2,4.0,Standard,4.0,Unmarried,3.0,1,5,0,1.0,Senior Manager,24094.0
201699,29.0,Self Enquiry,1,24.0,Small Business,Male,2,4.0,Basic,3.0,Single,2.0,1,3,0,0.0,Executive,17389.0
204268,31.0,Company Invited,3,32.0,Large Business,Female,3,4.0,Deluxe,3.0,Married,2.0,1,3,1,2.0,Manager,23414.0
201173,36.0,Self Enquiry,1,11.0,Salaried,Female,2,3.0,Standard,5.0,Married,5.0,0,4,1,1.0,Senior Manager,23008.0
201170,27.0,Company Invited,1,8.0,Small Business,Male,2,3.0,Basic,3.0,Single,3.0,0,3,0,1.0,Executive,17580.0
204192,27.0,Company Invited,1,7.0,Salaried,Female,3,4.0,Deluxe,4.0,Married,3.0,0,5,1,2.0,Manager,25075.0
200154,32.0,Company Invited,3,14.0,Small Business,Fe Male,2,3.0,Standard,3.0,Unmarried,2.0,0,4,1,1.0,Senior Manager,23998.0
201400,38.0,Company Invited,2,6.0,Salaried,Male,2,3.0,Basic,4.0,Married,1.0,1,1,1,1.0,Executive,17991.0
202544,38.0,Self Enquiry,2,13.0,Salaried,Male,4,4.0,Basic,5.0,Married,6.0,1,2,1,1.0,Executive,20751.0
202148,48.0,Self Enquiry,1,26.0,Small Business,Male,2,3.0,Basic,3.0,Married,5.0,0,1,1,0.0,Executive,17259.0
202923,25.0,Company Invited,1,14.0,Salaried,Female,3,4.0,Basic,3.0,Divorced,3.0,1,4,0,1.0,Executive,21564.0
202755,46.0,Company Invited,1,14.0,Salaried,Male,4,4.0,Standard,5.0,Married,3.0,0,2,1,3.0,Senior Manager,23888.0
200536,60.0,Self Enquiry,3,22.0,Small Business,Male,2,3.0,Deluxe,5.0,Single,1.0,0,4,1,0.0,Manager,20405.0
204340,31.0,Company Invited,1,9.0,Small Business,Female,3,4.0,Basic,3.0,Single,2.0,0,4,1,1.0,Executive,21242.0
204054,33.0,Self Enquiry,1,16.0,Small Business,Female,3,4.0,Basic,5.0,Unmarried,2.0,0,4,1,1.0,Executive,22878.0
204041,20.0,Self Enquiry,3,29.0,Small Business,Male,3,4.0,Basic,3.0,Single,3.0,1,1,1,1.0,Executive,20353.0
204751,41.0,Company Invited,1,16.0,Small Business,Female,3,4.0,Standard,3.0,Single,2.0,0,4,1,2.0,Senior Manager,32177.0
202127,29.0,Self Enquiry,1,13.0,Small Business,Female,3,4.0,Basic,3.0,Married,7.0,0,5,1,1.0,Executive,17532.0
203077,37.0,Self Enquiry,2,15.0,Salaried,Male,4,5.0,Basic,5.0,Divorced,2.0,0,2,1,3.0,Executive,21020.0
203538,41.0,Self Enquiry,3,16.0,Small Business,Male,3,4.0,Deluxe,5.0,Married,2.0,0,3,1,2.0,Manager,24151.0
200541,36.0,Company Invited,1,14.0,Salaried,Female,3,2.0,Standard,5.0,Divorced,1.0,0,3,0,0.0,Senior Manager,26713.0
200484,31.0,Self Enquiry,3,12.0,Small Business,Male,3,2.0,Deluxe,3.0,Married,5.0,0,5,1,2.0,Manager,20460.0
200036,50.0,Self Enquiry,3,9.0,Small Business,Male,2,4.0,Basic,3.0,Divorced,2.0,1,4,0,0.0,Executive,17683.0
201355,36.0,Self Enquiry,3,23.0,Small Business,Male,2,4.0,Deluxe,4.0,Married,3.0,0,4,1,0.0,Manager,20507.0
200251,39.0,Company Invited,1,8.0,Large Business,Fe Male,3,3.0,Standard,3.0,Unmarried,1.0,0,2,1,1.0,Senior Manager,25938.0
201502,30.0,Self Enquiry,1,15.0,Small Business,Male,2,4.0,Basic,3.0,Single,2.0,0,4,0,1.0,Executive,17206.0
204747,28.0,Self Enquiry,1,13.0,Salaried,Male,3,5.0,Basic,3.0,Married,3.0,0,1,1,2.0,Executive,21217.0
202659,42.0,Self Enquiry,3,13.0,Salaried,Female,4,4.0,Standard,3.0,Single,5.0,1,2,0,2.0,Senior Manager,32269.0
201079,39.0,Self Enquiry,1,12.0,Salaried,Female,2,3.0,Standard,4.0,Unmarried,5.0,0,3,0,1.0,Senior Manager,23376.0
201569,44.0,Company Invited,1,29.0,Small Business,Male,3,3.0,Deluxe,4.0,Married,5.0,0,3,0,1.0,Manager,17042.0
202926,32.0,Self Enquiry,3,20.0,Small Business,Male,3,4.0,Deluxe,5.0,Married,4.0,0,2,0,1.0,Manager,22911.0
203395,42.0,Company Invited,3,17.0,Small Business,Male,3,6.0,Deluxe,4.0,Unmarried,3.0,0,1,1,1.0,Manager,24829.0
200596,35.0,Self Enquiry,1,6.0,Salaried,Female,2,1.0,Basic,3.0,Single,4.0,0,3,0,0.0,Executive,17506.0
204846,30.0,Company Invited,1,9.0,Small Business,Male,3,5.0,Basic,5.0,Unmarried,2.0,0,4,1,2.0,Executive,22017.0
200844,30.0,Self Enquiry,3,16.0,Small Business,Male,3,4.0,Deluxe,3.0,Divorced,2.0,0,2,1,0.0,Manager,21578.0
200552,56.0,Self Enquiry,1,15.0,Small Business,Male,2,3.0,Super Deluxe,3.0,Divorced,1.0,0,4,0,0.0,AVP,26103.0
204232,28.0,Self Enquiry,1,12.0,Salaried,Female,3,4.0,Basic,4.0,Single,3.0,1,3,0,2.0,Executive,21156.0
204521,50.0,Self Enquiry,3,18.0,Small Business,Female,3,4.0,Standard,3.0,Married,3.0,0,4,0,1.0,Senior Manager,26332.0
201041,28.0,Self Enquiry,3,11.0,Small Business,Male,2,3.0,Deluxe,5.0,Unmarried,1.0,0,1,1,0.0,Manager,23463.0
200236,33.0,Self Enquiry,1,8.0,Salaried,Female,2,3.0,Basic,5.0,Divorced,1.0,0,3,1,0.0,Executive,17707.0
200708,36.0,Company Invited,3,14.0,Large Business,Male,2,3.0,Deluxe,3.0,Married,5.0,0,3,1,0.0,Manager,20079.0
201702,59.0,Self Enquiry,2,12.0,Small Business,Male,2,3.0,Basic,3.0,Married,1.0,0,4,0,0.0,Executive,17267.0
203737,44.0,Company Invited,1,16.0,Salaried,Male,3,4.0,Basic,3.0,Single,6.0,0,3,0,2.0,Executive,21116.0
200007,30.0,Self Enquiry,1,30.0,Salaried,Male,3,3.0,Basic,3.0,Married,2.0,0,2,0,1.0,Executive,17693.0
200548,43.0,Company Invited,3,21.0,Salaried,Male,2,4.0,Deluxe,3.0,Divorced,4.0,0,5,0,1.0,Manager,21804.0
200356,42.0,Self Enquiry,1,8.0,Salaried,Male,3,4.0,Deluxe,3.0,Unmarried,4.0,0,2,0,1.0,Manager,21781.0
200986,39.0,Self Enquiry,3,27.0,Salaried,Male,2,4.0,Deluxe,3.0,Divorced,4.0,1,1,0,1.0,Manager,21120.0
203566,30.0,Self Enquiry,1,10.0,Small Business,Male,3,4.0,Basic,5.0,Unmarried,3.0,1,3,0,2.0,Executive,23401.0
204378,38.0,Self Enquiry,1,7.0,Large Business,Fe Male,3,4.0,Standard,3.0,Unmarried,6.0,0,5,1,1.0,Senior Manager,26169.0
204250,30.0,Self Enquiry,1,15.0,Salaried,Male,4,6.0,Basic,5.0,Married,3.0,1,3,0,2.0,Executive,20797.0
204341,61.0,Company Invited,3,35.0,Small Business,Female,4,5.0,Standard,5.0,Married,6.0,0,1,1,1.0,Senior Manager,28944.0
201794,30.0,Self Enquiry,1,34.0,Small Business,Female,3,3.0,Deluxe,3.0,Married,2.0,0,3,1,2.0,Manager,20775.0
204082,39.0,Self Enquiry,3,7.0,Salaried,Fe Male,3,5.0,Deluxe,3.0,Unmarried,6.0,0,1,0,2.0,Manager,27364.0
202347,46.0,Self Enquiry,1,8.0,Large Business,Male,2,3.0,Deluxe,3.0,Married,3.0,0,1,0,0.0,Manager,22379.0
200876,20.0,Self Enquiry,3,27.0,Small Business,Male,2,1.0,Basic,3.0,Single,2.0,0,3,0,0.0,Executive,17678.0
203156,34.0,Self Enquiry,1,20.0,Salaried,Female,3,4.0,Basic,3.0,Unmarried,5.0,0,3,1,1.0,Executive,22130.0
203703,31.0,Self Enquiry,1,23.0,Salaried,Male,3,2.0,Deluxe,3.0,Married,5.0,0,1,1,1.0,Manager,23972.0
200240,39.0,Self Enquiry,1,6.0,Small Business,Female,3,3.0,Basic,3.0,Married,1.0,0,3,0,1.0,Executive,17232.0
200559,38.0,Self Enquiry,1,8.0,Small Business,Male,3,3.0,Basic,3.0,Divorced,7.0,1,4,0,0.0,Executive,18057.0
202278,29.0,Self Enquiry,1,34.0,Salaried,Female,3,3.0,Basic,3.0,Married,5.0,0,5,1,0.0,Executive,17514.0
201517,37.0,Self Enquiry,1,25.0,Salaried,Male,3,3.0,Basic,4.0,Married,5.0,0,4,0,1.0,Executive,18022.0
200035,43.0,Self Enquiry,1,8.0,Small Business,Female,3,2.0,Basic,3.0,Married,2.0,0,2,0,1.0,Executive,17645.0
204874,42.0,Self Enquiry,1,15.0,Small Business,Female,4,4.0,Basic,5.0,Married,3.0,1,3,0,3.0,Executive,22781.0
201137,22.0,Company Invited,1,32.0,Salaried,Female,2,4.0,Basic,3.0,Married,2.0,1,3,0,0.0,Executive,17814.0
202343,36.0,Self Enquiry,1,12.0,Salaried,Male,2,5.0,Basic,3.0,Married,2.0,0,1,1,0.0,Executive,17741.0
203863,43.0,Self Enquiry,1,25.0,Salaried,Male,3,4.0,Deluxe,5.0,Married,8.0,1,1,0,1.0,Manager,24088.0
201427,40.0,Self Enquiry,1,6.0,Salaried,Male,2,3.0,Basic,3.0,Married,1.0,0,1,0,0.0,Executive,17406.0
203273,34.0,Self Enquiry,3,16.0,Small Business,Fe Male,4,4.0,Deluxe,5.0,Unmarried,2.0,1,3,0,2.0,Manager,26902.0
203729,47.0,Company Invited,3,33.0,Salaried,Male,4,5.0,Deluxe,4.0,Unmarried,2.0,0,4,1,3.0,Manager,26669.0
201114,48.0,Self Enquiry,1,21.0,Salaried,Female,3,3.0,Basic,5.0,Married,1.0,0,1,1,0.0,Executive,17367.0
202442,18.0,Self Enquiry,3,15.0,Small Business,Male,2,3.0,Basic,3.0,Single,2.0,0,5,0,1.0,Executive,16611.0
204566,38.0,Company Invited,3,26.0,Small Business,Male,3,4.0,Standard,4.0,Unmarried,3.0,1,5,0,1.0,Senior Manager,26320.0
203046,31.0,Self Enquiry,1,9.0,Small Business,Fe Male,3,5.0,Deluxe,3.0,Unmarried,7.0,1,2,1,2.0,Manager,25555.0
202712,46.0,Self Enquiry,1,27.0,Small Business,Male,4,4.0,Super Deluxe,3.0,Divorced,2.0,1,3,0,1.0,AVP,32174.0
203746,36.0,Self Enquiry,1,30.0,Small Business,Male,4,6.0,Basic,3.0,Married,2.0,0,1,1,1.0,Executive,21383.0
200274,21.0,Self Enquiry,1,9.0,Small Business,Male,3,4.0,Basic,3.0,Single,2.0,0,5,1,1.0,Executive,18230.0
200928,44.0,Self Enquiry,1,21.0,Small Business,Female,3,3.0,Standard,3.0,Divorced,2.0,0,3,0,1.0,Senior Manager,22978.0
200969,48.0,Self Enquiry,1,10.0,Salaried,Male,2,3.0,Standard,3.0,Unmarried,2.0,0,5,1,1.0,Senior Manager,22898.0
200715,33.0,Company Invited,1,6.0,Salaried,Female,2,1.0,Deluxe,4.0,Divorced,2.0,1,3,0,1.0,Manager,20488.0
202270,28.0,Company Invited,1,6.0,Small Business,Male,2,4.0,Basic,4.0,Married,2.0,0,4,1,0.0,Executive,17596.0
204205,37.0,Self Enquiry,1,10.0,Large Business,Male,2,4.0,Deluxe,4.0,Unmarried,6.0,0,1,1,1.0,Manager,23163.0
202098,37.0,Self Enquiry,3,22.0,Small Business,Male,3,4.0,Deluxe,3.0,Married,5.0,0,5,1,0.0,Manager,21334.0
201719,45.0,Company Invited,1,13.0,Salaried,Male,3,1.0,Deluxe,3.0,Married,5.0,0,1,1,0.0,Manager,21434.0
202280,46.0,Self Enquiry,3,9.0,Small Business,Male,2,3.0,Super Deluxe,3.0,Married,4.0,0,1,1,0.0,AVP,32465.0
202909,47.0,Company Invited,1,25.0,Small Business,Female,3,4.0,Standard,3.0,Divorced,7.0,0,3,1,1.0,Senior Manager,29205.0
200101,32.0,Self Enquiry,1,6.0,Salaried,Male,3,3.0,Basic,5.0,Single,2.0,0,2,0,2.0,Executive,17956.0
200314,39.0,Self Enquiry,1,16.0,Small Business,Male,2,3.0,Super Deluxe,5.0,Divorced,2.0,1,3,1,1.0,AVP,32068.0
200362,21.0,Company Invited,3,15.0,Small Business,Male,2,3.0,Basic,3.0,Single,2.0,0,4,0,0.0,Executive,17610.0
204746,38.0,Self Enquiry,1,32.0,Small Business,Female,3,5.0,Deluxe,3.0,Married,2.0,0,3,1,1.0,Manager,24409.0
201362,45.0,Company Invited,1,6.0,Small Business,Male,2,3.0,Deluxe,3.0,Single,5.0,0,1,1,1.0,Manager,20399.0
201037,45.0,Self Enquiry,1,35.0,Large Business,Male,2,3.0,Standard,3.0,Divorced,5.0,1,5,1,0.0,Senior Manager,24380.0
204188,22.0,Self Enquiry,1,10.0,Small Business,Male,4,5.0,Basic,3.0,Unmarried,3.0,0,5,1,3.0,Executive,21908.0
201486,32.0,Self Enquiry,1,11.0,Salaried,Male,3,1.0,Basic,4.0,Married,1.0,1,1,1,2.0,Executive,18298.0
203759,37.0,Self Enquiry,1,9.0,Salaried,Female,4,4.0,Deluxe,4.0,Married,6.0,1,4,0,1.0,Manager,25640.0
202023,40.0,Self Enquiry,1,8.0,Small Business,Female,2,4.0,Basic,3.0,Single,1.0,1,3,0,0.0,Executive,17342.0
204646,31.0,Company Invited,1,12.0,Small Business,Female,3,4.0,Basic,4.0,Single,2.0,0,3,0,1.0,Executive,21100.0
202554,52.0,Company Invited,1,7.0,Small Business,Fe Male,2,5.0,Standard,5.0,Unmarried,5.0,0,2,1,1.0,Senior Manager,26162.0
204267,38.0,Self Enquiry,1,13.0,Small Business,Male,3,2.0,Deluxe,5.0,Married,6.0,1,3,1,2.0,Manager,24652.0
204690,21.0,Company Invited,3,16.0,Small Business,Female,3,4.0,Basic,3.0,Single,3.0,1,4,1,1.0,Executive,21001.0
203615,41.0,Self Enquiry,1,14.0,Salaried,Male,4,4.0,Basic,5.0,Single,5.0,1,3,0,2.0,Executive,20844.0
203463,37.0,Self Enquiry,3,23.0,Small Business,Female,4,5.0,Deluxe,5.0,Divorced,6.0,0,5,1,1.0,Manager,24325.0
201194,47.0,Self Enquiry,3,8.0,Salaried,Female,2,1.0,Super Deluxe,4.0,Married,7.0,0,1,0,0.0,AVP,30972.0
202512,36.0,Company Invited,1,7.0,Small Business,Male,4,4.0,Basic,5.0,Divorced,6.0,0,2,0,2.0,Executive,20872.0
201302,35.0,Self Enquiry,1,29.0,Small Business,Male,3,5.0,Basic,3.0,Married,1.0,0,1,1,0.0,Executive,17705.0
201630,22.0,Self Enquiry,1,25.0,Small Business,Male,3,3.0,Basic,3.0,Married,2.0,0,1,1,0.0,Executive,17323.0
204052,26.0,Self Enquiry,3,35.0,Salaried,Male,3,5.0,Deluxe,3.0,Married,4.0,0,4,1,2.0,Manager,27317.0
204431,26.0,Self Enquiry,3,15.0,Salaried,Male,3,2.0,Deluxe,4.0,Married,2.0,0,4,1,1.0,Manager,23529.0
200823,29.0,Company Invited,1,16.0,Salaried,Female,3,3.0,Basic,4.0,Married,1.0,0,5,1,0.0,Executive,18291.0
201780,31.0,Self Enquiry,2,8.0,Salaried,Male,3,4.0,Deluxe,5.0,Married,4.0,0,3,0,2.0,Manager,21410.0
201124,39.0,Self Enquiry,3,12.0,Small Business,Male,2,1.0,Standard,3.0,Married,3.0,0,4,1,1.0,Senior Manager,23237.0
204055,46.0,Self Enquiry,1,36.0,Small Business,Male,3,4.0,Basic,3.0,Unmarried,7.0,0,1,1,1.0,Executive,22130.0
204237,29.0,Self Enquiry,1,9.0,Small Business,Male,3,6.0,Basic,3.0,Married,7.0,1,3,1,2.0,Executive,22142.0
200511,36.0,Self Enquiry,1,15.0,Small Business,Male,2,4.0,Deluxe,4.0,Married,3.0,1,4,1,0.0,Manager,23847.0
201251,30.0,Self Enquiry,3,21.0,Small Business,Male,3,4.0,Standard,5.0,Married,3.0,0,1,0,2.0,Senior Manager,22140.0
204505,34.0,Self Enquiry,3,23.0,Small Business,Fe Male,4,4.0,Deluxe,5.0,Unmarried,7.0,0,3,1,1.0,Manager,24002.0
204620,41.0,Company Invited,3,31.0,Salaried,Female,4,2.0,Super Deluxe,4.0,Single,6.0,1,3,1,1.0,AVP,31872.0
201955,27.0,Self Enquiry,1,12.0,Small Business,Female,3,4.0,Basic,3.0,Married,1.0,0,1,0,1.0,Executive,17187.0
203954,36.0,Self Enquiry,1,11.0,Salaried,Male,4,4.0,Basic,3.0,Married,3.0,0,4,1,2.0,Executive,20629.0
201679,46.0,Self Enquiry,1,6.0,Small Business,Male,3,3.0,Standard,5.0,Married,1.0,0,1,0,2.0,Senior Manager,24396.0
201062,44.0,Company Invited,1,8.0,Small Business,Male,2,3.0,Standard,3.0,Unmarried,6.0,1,1,0,1.0,Senior Manager,25209.0
200827,28.0,Company Invited,1,12.0,Salaried,Male,2,4.0,Basic,3.0,Married,2.0,1,4,1,0.0,Executive,17703.0
202295,29.0,Self Enquiry,1,14.0,Small Business,Male,3,4.0,Deluxe,3.0,Married,2.0,1,3,1,1.0,Manager,20056.0
200972,18.0,Company Invited,1,6.0,Salaried,Female,3,3.0,Basic,3.0,Single,2.0,0,5,1,1.0,Executive,16611.0
203283,43.0,Self Enquiry,3,11.0,Small Business,Male,3,4.0,Deluxe,5.0,Unmarried,2.0,0,5,1,2.0,Manager,23833.0
202559,38.0,Self Enquiry,3,10.0,Salaried,Male,3,4.0,Standard,3.0,Unmarried,4.0,0,3,0,1.0,Senior Manager,26106.0
203980,37.0,Company Invited,1,18.0,Salaried,Male,4,5.0,Deluxe,4.0,Unmarried,3.0,0,4,1,2.0,Manager,25177.0
201042,44.0,Company Invited,1,11.0,Salaried,Male,2,4.0,Basic,3.0,Single,4.0,0,1,0,1.0,Executive,18162.0
200189,51.0,Self Enquiry,1,9.0,Small Business,Female,3,3.0,Super Deluxe,4.0,Single,4.0,0,5,0,1.0,AVP,28734.0
201805,40.0,Self Enquiry,3,6.0,Small Business,Male,2,5.0,Deluxe,3.0,Married,3.0,1,3,1,0.0,Manager,22457.0
204312,38.0,Company Invited,1,32.0,Small Business,Female,4,4.0,Deluxe,3.0,Married,5.0,1,3,1,3.0,Manager,23127.0
201497,42.0,Self Enquiry,3,14.0,Small Business,Male,2,3.0,Deluxe,4.0,Married,1.0,0,3,1,0.0,Manager,21825.0
200126,58.0,Self Enquiry,1,29.0,Small Business,Female,3,3.0,Standard,3.0,Divorced,2.0,0,3,1,0.0,Senior Manager,25312.0
200958,34.0,Self Enquiry,1,15.0,Salaried,Male,2,3.0,Standard,3.0,Married,1.0,0,5,1,1.0,Senior Manager,23500.0
204060,31.0,Self Enquiry,1,9.0,Small Business,Male,3,5.0,Basic,3.0,Unmarried,2.0,0,4,0,1.0,Executive,21398.0
200294,37.0,Company Invited,1,15.0,Small Business,Male,2,3.0,Basic,3.0,Divorced,2.0,1,2,0,0.0,Executive,17326.0
202375,29.0,Self Enquiry,1,13.0,Large Business,Female,2,3.0,Basic,3.0,Married,4.0,1,4,1,0.0,Executive,31124.0
204469,30.0,Self Enquiry,3,17.0,Small Business,Male,3,4.0,Basic,4.0,Married,3.0,0,1,1,1.0,Executive,20975.0
200134,26.0,Self Enquiry,2,31.0,Salaried,Female,3,3.0,Basic,3.0,Divorced,2.0,0,4,1,0.0,Executive,17942.0
204040,59.0,Self Enquiry,1,30.0,Small Business,Female,4,4.0,Standard,3.0,Married,3.0,0,3,1,1.0,Senior Manager,28990.0
202227,34.0,Self Enquiry,3,6.0,Small Business,Male,3,1.0,Deluxe,3.0,Married,1.0,0,5,0,1.0,Manager,24725.0
204037,52.0,Self Enquiry,1,13.0,Salaried,Male,3,4.0,King,3.0,Single,2.0,0,5,1,2.0,VP,38215.0
201585,37.0,Self Enquiry,3,9.0,Salaried,Male,2,3.0,Standard,3.0,Unmarried,3.0,0,3,0,1.0,Senior Manager,22428.0
201999,38.0,Self Enquiry,1,6.0,Salaried,Female,2,1.0,Deluxe,3.0,Unmarried,1.0,0,1,0,0.0,Manager,22625.0
204067,46.0,Self Enquiry,1,16.0,Salaried,Male,3,4.0,Deluxe,4.0,Married,2.0,0,4,1,1.0,Manager,21026.0
202796,49.0,Self Enquiry,3,36.0,Small Business,Female,4,4.0,Standard,3.0,Divorced,5.0,0,4,0,1.0,Senior Manager,31182.0
202944,33.0,Self Enquiry,1,16.0,Salaried,Female,4,4.0,Deluxe,3.0,Divorced,3.0,1,5,1,3.0,Manager,25000.0
204045,51.0,Company Invited,3,19.0,Small Business,Fe Male,4,4.0,Standard,3.0,Unmarried,6.0,0,5,1,3.0,Senior Manager,27886.0
203082,26.0,Self Enquiry,3,11.0,Small Business,Male,3,5.0,Deluxe,5.0,Divorced,3.0,0,3,1,2.0,Manager,22934.0
200414,24.0,Self Enquiry,3,6.0,Large Business,Female,3,3.0,Basic,4.0,Single,2.0,1,4,1,2.0,Executive,18202.0
203534,30.0,Self Enquiry,1,15.0,Salaried,Female,3,6.0,Deluxe,5.0,Married,5.0,0,1,0,1.0,Manager,28393.0
201078,44.0,Self Enquiry,1,34.0,Salaried,Male,2,3.0,Super Deluxe,5.0,Divorced,4.0,0,1,1,0.0,AVP,31328.0
203998,35.0,Self Enquiry,1,7.0,Small Business,Male,4,4.0,Deluxe,4.0,Married,3.0,0,5,1,3.0,Manager,23003.0
201885,34.0,Company Invited,3,12.0,Small Business,Female,2,5.0,Basic,3.0,Married,1.0,0,4,0,1.0,Executive,17351.0
204085,20.0,Company Invited,3,7.0,Large Business,Female,4,6.0,Basic,5.0,Single,2.0,0,3,1,1.0,Executive,21003.0
204694,29.0,Company Invited,1,31.0,Large Business,Male,4,5.0,Standard,5.0,Unmarried,3.0,0,1,1,2.0,Senior Manager,27400.0
202555,35.0,Company Invited,1,14.0,Salaried,Male,4,6.0,Deluxe,3.0,Unmarried,3.0,1,5,1,2.0,Manager,24752.0
204699,41.0,Self Enquiry,1,27.0,Large Business,Male,4,4.0,Standard,3.0,Married,6.0,0,3,1,2.0,Senior Manager,29000.0
202474,34.0,Self Enquiry,1,9.0,Small Business,Male,4,4.0,Basic,3.0,Single,6.0,0,3,1,3.0,Executive,21174.0
204720,53.0,Self Enquiry,1,6.0,Salaried,Male,3,4.0,Standard,4.0,Single,2.0,0,3,1,2.0,Senior Manager,29123.0
202720,36.0,Self Enquiry,1,29.0,Salaried,Female,4,3.0,Standard,4.0,Married,2.0,0,5,1,2.0,Senior Manager,30674.0
201430,38.0,Self Enquiry,1,16.0,Small Business,Female,2,5.0,Standard,3.0,Married,4.0,0,1,1,1.0,Senior Manager,28206.0
203671,32.0,Self Enquiry,1,9.0,Salaried,Male,4,4.0,Basic,3.0,Married,3.0,0,5,0,3.0,Executive,22155.0
201989,29.0,Company Invited,1,6.0,Salaried,Male,3,5.0,Basic,3.0,Married,2.0,0,1,0,2.0,Executive,17720.0
202983,51.0,Self Enquiry,3,15.0,Small Business,Male,3,4.0,Basic,4.0,Divorced,2.0,0,2,1,1.0,Executive,22553.0
202525,36.0,Self Enquiry,1,7.0,Small Business,Male,2,5.0,Basic,3.0,Unmarried,3.0,0,4,1,1.0,Executive,21537.0
204211,36.0,Self Enquiry,3,23.0,Small Business,Male,4,4.0,Standard,4.0,Married,2.0,0,1,1,2.0,Senior Manager,26698.0
201532,50.0,Self Enquiry,1,13.0,Small Business,Female,2,4.0,King,3.0,Married,6.0,1,4,1,1.0,VP,33740.0
202804,58.0,Self Enquiry,1,7.0,Small Business,Male,3,4.0,Deluxe,3.0,Divorced,4.0,0,3,1,2.0,Manager,25433.0
204287,28.0,Self Enquiry,1,7.0,Small Business,Male,3,4.0,Basic,4.0,Married,3.0,0,3,0,1.0,Executive,22494.0
202699,26.0,Self Enquiry,1,7.0,Salaried,Female,4,4.0,Deluxe,3.0,Divorced,2.0,0,3,1,2.0,Manager,23576.0
200693,36.0,Self Enquiry,3,9.0,Salaried,Male,2,4.0,Standard,3.0,Divorced,2.0,1,2,1,0.0,Senior Manager,25325.0
202732,27.0,Self Enquiry,1,23.0,Small Business,Male,3,4.0,Basic,4.0,Married,4.0,1,2,1,2.0,Executive,21051.0
201399,43.0,Self Enquiry,1,17.0,Salaried,Male,1,3.0,Standard,3.0,Married,2.0,0,1,1,0.0,Senior Manager,22510.0
202299,33.0,Self Enquiry,3,15.0,Small Business,Female,3,3.0,Deluxe,5.0,Unmarried,1.0,1,3,0,0.0,Manager,23224.0
203164,31.0,Self Enquiry,1,29.0,Salaried,Female,3,4.0,Basic,3.0,Divorced,6.0,1,2,0,2.0,Executive,20810.0
202472,45.0,Self Enquiry,1,14.0,Small Business,Female,3,5.0,Standard,3.0,Divorced,5.0,0,4,1,1.0,Senior Manager,28926.0
203999,57.0,Self Enquiry,1,14.0,Salaried,Male,3,6.0,Standard,3.0,Unmarried,6.0,0,1,0,1.0,Senior Manager,25938.0
203363,60.0,Self Enquiry,1,25.0,Small Business,Male,4,4.0,Standard,3.0,Single,8.0,0,3,1,2.0,Senior Manager,29190.0
202504,33.0,Self Enquiry,1,7.0,Small Business,Male,3,4.0,Deluxe,3.0,Divorced,3.0,1,4,1,1.0,Manager,24840.0
204600,42.0,Self Enquiry,1,13.0,Small Business,Male,3,4.0,Basic,5.0,Unmarried,4.0,1,4,1,2.0,Executive,23399.0
204003,47.0,Self Enquiry,3,16.0,Small Business,Male,4,5.0,Standard,3.0,Unmarried,3.0,0,5,1,3.0,Senior Manager,28297.0
203625,50.0,Self Enquiry,1,13.0,Salaried,Female,3,5.0,Super Deluxe,3.0,Married,4.0,1,5,1,1.0,AVP,32644.0
201633,57.0,Self Enquiry,1,30.0,Salaried,Male,2,1.0,Standard,3.0,Married,4.0,1,4,1,0.0,Senior Manager,24439.0
200953,44.0,Self Enquiry,1,9.0,Salaried,Male,2,3.0,Basic,5.0,Divorced,5.0,0,5,1,1.0,Executive,17362.0
203258,41.0,Self Enquiry,1,21.0,Small Business,Male,3,5.0,King,3.0,Single,3.0,0,3,1,2.0,VP,38304.0
203758,46.0,Company Invited,3,9.0,Salaried,Female,4,4.0,Deluxe,3.0,Married,6.0,0,1,1,3.0,Manager,23832.0
204309,44.0,Company Invited,1,28.0,Small Business,Male,4,4.0,Basic,3.0,Married,2.0,0,4,1,3.0,Executive,20936.0
203517,29.0,Self Enquiry,1,36.0,Salaried,Male,4,6.0,Deluxe,4.0,Divorced,3.0,0,1,1,3.0,Manager,25227.0
202454,36.0,Self Enquiry,1,23.0,Small Business,Male,3,3.0,Basic,4.0,Divorced,2.0,0,3,1,2.0,Executive,21104.0
204767,20.0,Self Enquiry,1,16.0,Salaried,Male,3,4.0,Basic,5.0,Single,3.0,0,3,0,2.0,Executive,21230.0
201842,35.0,Self Enquiry,1,15.0,Salaried,Male,3,4.0,Deluxe,4.0,Unmarried,1.0,0,1,0,1.0,Manager,21540.0
204402,43.0,Self Enquiry,1,9.0,Salaried,Female,3,4.0,Deluxe,3.0,Married,3.0,0,1,0,1.0,Manager,22767.0
203685,33.0,Self Enquiry,3,26.0,Salaried,Male,4,6.0,Standard,3.0,Married,5.0,0,3,1,3.0,Senior Manager,28288.0
200921,28.0,Company Invited,1,6.0,Small Business,Male,2,3.0,Basic,3.0,Single,1.0,1,4,0,0.0,Executive,17154.0
201030,31.0,Self Enquiry,3,14.0,Salaried,Male,2,3.0,Standard,3.0,Married,2.0,0,3,1,0.0,Senior Manager,25793.0
204022,26.0,Self Enquiry,1,14.0,Small Business,Male,4,5.0,Basic,3.0,Married,3.0,0,1,0,3.0,Executive,21567.0
204877,39.0,Company Invited,1,16.0,Salaried,Male,4,4.0,Deluxe,5.0,Married,6.0,0,3,0,3.0,Manager,25571.0
200910,23.0,Self Enquiry,1,6.0,Salaried,Male,2,3.0,Basic,3.0,Divorced,2.0,0,4,0,1.0,Executive,16223.0
204560,54.0,Self Enquiry,3,15.0,Small Business,Male,4,4.0,Super Deluxe,3.0,Married,7.0,0,3,1,1.0,AVP,30514.0
201969,33.0,Self Enquiry,3,14.0,Small Business,Male,2,3.0,Deluxe,3.0,Married,1.0,0,1,0,0.0,Manager,22104.0
202097,52.0,Company Invited,1,31.0,Small Business,Female,2,4.0,Super Deluxe,3.0,Married,4.0,0,5,0,1.0,AVP,28826.0
201831,40.0,Self Enquiry,1,16.0,Salaried,Female,2,1.0,Basic,3.0,Married,4.0,1,3,0,1.0,Executive,17213.0
202325,37.0,Self Enquiry,1,7.0,Salaried,Female,2,4.0,Deluxe,3.0,Married,2.0,0,1,0,0.0,Manager,21474.0
203330,31.0,Self Enquiry,1,7.0,Small Business,Male,4,4.0,Basic,4.0,Divorced,2.0,1,4,1,3.0,Executive,22257.0
202114,31.0,Self Enquiry,1,17.0,Salaried,Male,2,3.0,Basic,3.0,Married,4.0,1,3,0,0.0,Executive,17356.0
200428,47.0,Self Enquiry,1,8.0,Small Business,Female,3,3.0,Deluxe,3.0,Married,6.0,0,2,0,1.0,Manager,20070.0
201604,26.0,Self Enquiry,2,31.0,Salaried,Female,3,3.0,Basic,3.0,Married,2.0,0,4,1,1.0,Executive,17942.0
203336,20.0,Company Invited,1,17.0,Small Business,Female,4,5.0,Basic,4.0,Single,3.0,1,5,1,2.0,Executive,20537.0
204750,30.0,Self Enquiry,3,30.0,Salaried,Female,3,5.0,Standard,5.0,Married,3.0,0,3,1,2.0,Senior Manager,26014.0
202987,45.0,Company Invited,1,31.0,Small Business,Male,3,6.0,Basic,3.0,Unmarried,4.0,0,3,0,2.0,Executive,22386.0
204087,31.0,Company Invited,1,16.0,Small Business,Male,4,4.0,Deluxe,5.0,Married,3.0,0,1,1,2.0,Manager,21750.0
201035,31.0,Self Enquiry,2,14.0,Small Business,Female,3,1.0,Basic,4.0,Single,1.0,0,1,0,2.0,Executive,17109.0
203038,30.0,Self Enquiry,1,30.0,Salaried,Male,3,2.0,Basic,3.0,Divorced,3.0,0,2,1,2.0,Executive,21378.0
202500,36.0,Company Invited,3,25.0,Salaried,Male,4,4.0,Standard,5.0,Divorced,3.0,0,4,1,1.0,Senior Manager,27747.0
202929,28.0,Self Enquiry,1,13.0,Small Business,Female,4,5.0,Basic,3.0,Married,2.0,0,2,1,2.0,Executive,20865.0
203643,37.0,Self Enquiry,1,33.0,Salaried,Male,4,4.0,Deluxe,3.0,Married,8.0,0,3,1,1.0,Manager,24025.0
201641,19.0,Company Invited,3,6.0,Large Business,Female,3,5.0,Basic,5.0,Single,1.0,0,3,1,0.0,Executive,17325.0
200221,33.0,Self Enquiry,1,10.0,Small Business,Female,2,4.0,Basic,4.0,Divorced,7.0,0,4,0,0.0,Executive,17622.0
204866,32.0,Self Enquiry,3,20.0,Small Business,Male,4,5.0,Deluxe,5.0,Married,7.0,1,1,1,1.0,Manager,20980.0
204670,33.0,Company Invited,1,36.0,Small Business,Female,4,4.0,Basic,3.0,Unmarried,2.0,0,3,1,3.0,Executive,22703.0
201000,52.0,Self Enquiry,1,14.0,Salaried,Female,2,3.0,Basic,5.0,Divorced,1.0,0,1,1,1.0,Executive,17950.0
203415,52.0,Self Enquiry,1,18.0,Large Business,Female,3,5.0,Super Deluxe,4.0,Single,5.0,0,1,0,2.0,AVP,31820.0
203321,47.0,Self Enquiry,1,9.0,Large Business,Male,3,4.0,Deluxe,3.0,Married,4.0,0,2,1,1.0,Manager,26057.0
201822,48.0,Self Enquiry,3,35.0,Small Business,Female,3,3.0,Standard,3.0,Married,4.0,0,4,0,1.0,Senior Manager,27504.0
204627,46.0,Self Enquiry,1,7.0,Small Business,Female,4,4.0,Basic,3.0,Married,5.0,0,5,1,1.0,Executive,20948.0
202490,35.0,Company Invited,3,30.0,Small Business,Male,4,4.0,Deluxe,3.0,Unmarried,2.0,0,5,1,2.0,Manager,23246.0
200031,44.0,Self Enquiry,1,16.0,Salaried,Male,2,3.0,Deluxe,3.0,Divorced,3.0,1,3,1,1.0,Manager,21465.0
202977,41.0,Company Invited,3,12.0,Salaried,Male,3,5.0,Standard,5.0,Divorced,7.0,1,5,0,2.0,Senior Manager,29153.0
204632,46.0,Company Invited,1,30.0,Salaried,Male,3,4.0,Deluxe,5.0,Married,3.0,1,1,1,1.0,Manager,22311.0
204404,39.0,Self Enquiry,1,7.0,Salaried,Female,3,4.0,Basic,5.0,Unmarried,5.0,0,1,0,2.0,Executive,21297.0
200216,30.0,Company Invited,3,32.0,Small Business,Female,2,4.0,Deluxe,5.0,Unmarried,6.0,0,2,0,1.0,Manager,21696.0
202700,43.0,Self Enquiry,1,9.0,Small Business,Female,3,5.0,Basic,5.0,Married,2.0,1,4,1,1.0,Executive,21271.0
203837,28.0,Self Enquiry,3,16.0,Small Business,Male,3,4.0,Deluxe,3.0,Unmarried,3.0,0,1,0,2.0,Manager,22783.0
200411,60.0,Self Enquiry,1,13.0,Salaried,Female,2,3.0,King,5.0,Divorced,6.0,0,5,0,0.0,VP,34566.0
202883,32.0,Company Invited,1,27.0,Salaried,Male,4,4.0,Standard,3.0,Divorced,5.0,0,3,1,1.0,Senior Manager,28502.0
200537,27.0,Company Invited,1,16.0,Salaried,Male,2,3.0,Standard,5.0,Married,2.0,0,3,1,0.0,Senior Manager,23793.0
204454,29.0,Self Enquiry,1,7.0,Salaried,Female,4,6.0,Basic,4.0,Single,2.0,1,1,1,3.0,Executive,20894.0
202650,23.0,Self Enquiry,1,12.0,Salaried,Male,3,3.0,Basic,4.0,Married,3.0,1,4,0,1.0,Executive,21006.0
203407,39.0,Self Enquiry,3,9.0,Salaried,Female,3,4.0,Deluxe,5.0,Married,5.0,0,4,0,2.0,Manager,25571.0
